dataset,topic,observed,interpretation,unknown
full,X integer/count evidence,"{'min': 0, 'max': 4855.0, 'integer_like_fraction': 1.0, 'nonzero_sample_n': 100000, 'nonzero_fraction_finite': 0.055350982261408097, 'negative_count': 0, 'nonfinite_count': 0}",Sample and range support nonnegative integer counts; not proof of original raw counts.,"Nonzero integer fraction is sampled, not an exhaustive integer test."
full,X library-size normalization,"{'mean': 11799.990097124357, 'std': 4497.966217343802, 'min': 3676.0, 'max': 63680.0, 'CV': 0.3811838976407235}",Totals vary; no common fixed library total observed.,Variable totals do not exclude every normalization procedure.
full,spliced integer/count evidence,"{'min': 0, 'max': 4855.0, 'integer_like_fraction': 1.0, 'nonzero_sample_n': 100000, 'nonzero_fraction_finite': 0.055350982261408097, 'negative_count': 0, 'nonfinite_count': 0}",Sample and range support nonnegative integer counts; not proof of original raw counts.,"Nonzero integer fraction is sampled, not an exhaustive integer test."
full,spliced library-size normalization,"{'mean': 11799.990097124357, 'std': 4497.966217343802, 'min': 3676.0, 'max': 63680.0, 'CV': 0.3811838976407235}",Totals vary; no common fixed library total observed.,Variable totals do not exclude every normalization procedure.
full,unspliced integer/count evidence,"{'min': 0, 'max': 157.0, 'integer_like_fraction': 1.0, 'nonzero_sample_n': 100000, 'nonzero_fraction_finite': 0.009442716517967211, 'negative_count': 0, 'nonfinite_count': 0}",Sample and range support nonnegative integer counts; not proof of original raw counts.,"Nonzero integer fraction is sampled, not an exhaustive integer test."
full,unspliced library-size normalization,"{'mean': 713.3944794828997, 'std': 303.3402485730778, 'min': 72.0, 'max': 3565.0, 'CV': 0.42520689085364444}",Totals vary; no common fixed library total observed.,Variable totals do not exclude every normalization procedure.
full,log1p,'absent',Integer-like X samples support an unlogged count representation.,Missing log1p metadata alone does not prove no historical log transform.
full,gene filtering / HVG subset,"n_vars=53801; var columns=['Accession', 'Chromosome', 'End', 'Start', 'Strand']",Not a 1000–3000-gene HVG subset.,Original gene universe and upstream gene filtering; PCA may use selected genes without subsetting AnnData.
full,saved embeddings,"{'X_pca': (89267, 50), 'X_umap': (89267, 2)}",Embeddings already exist where listed.,Cannot conclude only PCA/UMAP was done; their input matrix and preprocessing history are unknown.
ery,X integer/count evidence,"{'min': 0, 'max': 4855.0, 'integer_like_fraction': 1.0, 'nonzero_sample_n': 100000, 'nonzero_fraction_finite': 0.05180267392250207, 'negative_count': 0, 'nonfinite_count': 0}",Sample and range support nonnegative integer counts; not proof of original raw counts.,"Nonzero integer fraction is sampled, not an exhaustive integer test."
ery,X library-size normalization,"{'mean': 12956.784309730005, 'std': 4396.9573187144315, 'min': 3733.0, 'max': 35274.0, 'CV': 0.33935560040252427}",Totals vary; no common fixed library total observed.,Variable totals do not exclude every normalization procedure.
ery,spliced integer/count evidence,"{'min': 0, 'max': 4855.0, 'integer_like_fraction': 1.0, 'nonzero_sample_n': 100000, 'nonzero_fraction_finite': 0.05180267392250207, 'negative_count': 0, 'nonfinite_count': 0}",Sample and range support nonnegative integer counts; not proof of original raw counts.,"Nonzero integer fraction is sampled, not an exhaustive integer test."
ery,spliced library-size normalization,"{'mean': 12956.784309730005, 'std': 4396.9573187144315, 'min': 3733.0, 'max': 35274.0, 'CV': 0.33935560040252427}",Totals vary; no common fixed library total observed.,Variable totals do not exclude every normalization procedure.
ery,unspliced integer/count evidence,"{'min': 0, 'max': 120.0, 'integer_like_fraction': 1.0, 'nonzero_sample_n': 100000, 'nonzero_fraction_finite': 0.008487916210304, 'negative_count': 0, 'nonfinite_count': 0}",Sample and range support nonnegative integer counts; not proof of original raw counts.,"Nonzero integer fraction is sampled, not an exhaustive integer test."
ery,unspliced library-size normalization,"{'mean': 650.3982679572083, 'std': 223.8246193592993, 'min': 100.0, 'max': 2522.0, 'CV': 0.3441347100481907}",Totals vary; no common fixed library total observed.,Variable totals do not exclude every normalization procedure.
ery,raw_counts integer/count evidence,"{'min': 0, 'max': 4855.0, 'integer_like_fraction': 1.0, 'nonzero_sample_n': 100000, 'nonzero_fraction_finite': 0.05180267392250207, 'negative_count': 0, 'nonfinite_count': 0}",Sample and range support nonnegative integer counts; not proof of original raw counts.,"Nonzero integer fraction is sampled, not an exhaustive integer test."
ery,raw_counts library-size normalization,"{'mean': 12956.784309730005, 'std': 4396.9573187144315, 'min': 3733.0, 'max': 35274.0, 'CV': 0.33935560040252427}",Totals vary; no common fixed library total observed.,Variable totals do not exclude every normalization procedure.
ery,log1p,'absent',Integer-like X samples support an unlogged count representation.,Missing log1p metadata alone does not prove no historical log transform.
ery,gene filtering / HVG subset,n_vars=53801; var columns=[],Not a 1000–3000-gene HVG subset.,Original gene universe and upstream gene filtering; PCA may use selected genes without subsetting AnnData.
ery,saved embeddings,"{'X_pca': (9815, 50), 'X_umap': (9815, 2)}",Embeddings already exist where listed.,Cannot conclude only PCA/UMAP was done; their input matrix and preprocessing history are unknown.
full vs ery,gene identity/order,True,Equal IDs/order supports the same retained gene universe when True.,Does not establish equality to the original assay's unfiltered genes.
