t,alpha_bar,alpha_bar_lambda_max,r_ode_lincomb,r_cellunet
0,0.9999,47.36733170362099,1.0,0.0
1,0.9997800920720721,47.361651416996274,1.0,0.0
2,0.9996402829841216,47.35502837124756,1.0,0.0
3,0.9994805806926658,47.34746294329155,1.0,0.0
4,0.9993009943420809,47.33895556631626,1.0,0.0
5,0.9991015342637307,47.32950672973976,1.0,0.0
6,0.998882211974978,47.319116979163354,1.0,0.0
7,0.9986430401780766,47.30778691631909,1.0,0.0
8,0.9983840327589473,47.29551719901176,1.0,0.0
9,0.9981052047858344,47.28230854105528,1.0,0.0
10,0.997806572507846,47.26816171220351,1.0,0.0
11,0.997488153353376,47.25307753807553,1.0,0.0
12,0.9971499659284102,47.23705690007538,1.0,0.0
13,0.9967920300147145,47.22010073530624,1.0,0.0
14,0.9964143665679072,47.2022100364791,1.0,0.0
15,0.9960169977154141,47.18338585181591,1.0,0.0
16,0.9955999467543086,47.16362928494723,1.0,0.0
17,0.9951632381490356,47.14294149480442,1.0,0.0
18,0.9947068975290195,47.121323695506355,1.0,0.0
19,0.9942309516861578,47.09877715624064,1.0,0.0
20,0.9937354285721993,47.07530320113944,1.0,0.0
21,0.9932203572960084,47.0509032091499,1.0,0.0
22,0.9926857681207151,47.02557861389909,1.0,0.0
23,0.992131692460751,46.999330903553634,1.0,0.0
24,0.9915581628787729,46.97216162067395,1.0,0.0
25,0.9909652130824728,46.944072362063146,1.0,0.0
26,0.9903528779212758,46.9150647786106,1.0,0.0
27,0.989721193382926,46.88514057513018,1.0,0.0
28,0.9890701965899611,46.85430151019333,1.0,0.0
29,0.9883999257960758,46.82254939595669,1.0,0.0
30,0.9877104203823749,46.78988609798468,1.0,0.0
31,0.987001720853516,46.75631353506673,1.0,0.0
32,0.9862738688337434,46.7218336790294,1.0,0.0
33,0.9855269070628128,46.68644855454336,1.0,0.0
34,0.9847608793918075,46.65016023892514,1.0,0.0
35,0.9839758307788469,46.61297086193387,1.0,0.0
36,0.983171807284688,46.574882605562905,1.0,0.0
37,0.9823488560682201,46.5358977038264,1.0,0.0
38,0.9815070253818537,46.496018442540866,1.0,0.0
39,0.9806463645668042,46.45524715910176,1.0,0.0
40,0.9797669240482703,46.41358624225508,1.0,0.0
41,0.9788687553305091,46.371038131864026,1.0,0.0
42,0.9779519109918076,46.32760531867085,1.0,0.0
43,0.9770164446793513,46.283290344053704,1.0,0.0
44,0.9760624111039913,46.23809579977881,1.0,0.0
45,0.9750898660349093,46.19202432774768,1.0,0.0
46,0.9740988662941834,46.145078619739714,1.0,0.0
47,0.9730894697512527,46.097261417149966,1.0,0.0
48,0.9720617353172841,46.0485755107223,1.0,0.0
49,0.9710157229394402,45.99902374027783,1.0,0.0
50,0.9699514935950494,45.94860899443876,1.0,0.0
51,0.9688691092856803,45.897334210347665,1.0,0.0
52,0.9677686330311192,45.845202373382214,1.0,0.0
53,0.9666501288632535,45.79221651686539,1.0,0.0
54,0.9655136618198602,45.73837972177124,1.0,0.0
55,0.964359297938301,45.68369511642621,1.0,0.0
56,0.9631871042491253,45.62816587620611,1.0,0.0
57,0.9619971487695815,45.57179522322872,1.0,0.0
58,0.960789500497037,45.51458642604208,1.0,0.0
59,0.9595642294023091,45.45654279930857,1.0,0.0
60,0.9583214064229061,45.39766770348472,1.0,0.0
61,0.957061103456181,45.3379645444969,1.0,0.0
62,0.9557833933523977,45.27743677341282,1.0,0.0
63,0.9544883499077113,45.21608788610903,1.0,0.0
64,0.9531760478570623,45.15392142293428,1.0,0.0
65,0.9518465628669882,45.090940968369,1.0,0.0
66,0.9504999715283498,45.02715015068072,1.0,0.0
67,0.9491363513489759,44.962552641575655,1.0,0.0
68,0.9477557807462279,44.89715215584645,1.0,0.0
69,0.946358339039482,44.83095245101606,1.0,0.0
70,0.944944106442533,44.7639573269779,1.0,0.0
71,0.9435131640559201,44.6961706256323,1.0,0.0
72,0.9420655938591749,44.62759623051928,1.0,0.0
73,0.9406014787029929,44.55823806644771,1.0,0.0
74,0.9391209023013308,44.48810009912089,1.0,0.0
75,0.9376239492234283,44.41718633475869,1.0,0.0
76,0.9361107048857576,44.345500819716115,1.0,0.0
77,0.9345812555439013,44.273047640098554,1.0,0.0
78,0.9330356882843577,44.199830921373625,1.0,0.0
79,0.9314740910162782,44.125854827979694,1.0,0.0
80,0.9298965524631346,44.05112356293119,1.0,0.0
81,0.9283031621543194,43.97564136742065,1.0,0.0
82,0.9266940104166791,43.899412520417684,1.0,0.0
83,0.9250691883659825,43.82244133826477,1.0,0.0
84,0.9234287878983245,43.744732174270034,1.0,0.0
85,0.9217729016814666,43.666289418297076,1.0,0.0
86,0.9201016231461157,43.58711749635177,1.0,0.0
87,0.9184150464771415,43.507220870166265,1.0,0.0
88,0.9167132666047352,43.42660403678011,1.0,0.0
89,0.9149963791955085,43.34527152811863,1.0,0.0
90,0.9132644806435357,43.26322791056857,1.0,0.0
91,0.9115176680613398,43.18047778455103,1.0,0.0
92,0.9097560392708233,43.09702578409194,1.0,0.0
93,0.9079796927941449,43.012876576389786,1.0,0.0
94,0.9061887278445445,42.92803486138101,1.0,0.0
95,0.9043832443171154,42.842505371302835,1.0,0.0
96,0.902563342779527,42.75629287025385,1.0,0.0
97,0.9007291244626991,42.66940215375216,1.0,0.0
98,0.8988806912514269,42.581838048291296,1.0,0.0
99,0.89701814567496,42.493605410893935,1.0,0.0
100,0.8951415908975365,42.40470912866348,1.0,0.0
101,0.8932511307088722,42.31515411833349,1.0,0.0
102,0.8913468695146072,42.224945325815156,1.0,0.0
103,0.8894289123267107,42.13408772574272,1.0,0.0
104,0.8874973647538451,42.04258632101699,1.0,0.0
105,0.8855523329916909,41.95044614234709,1.0,0.0
106,0.8835939238132339,41.85767224779024,1.0,0.0
107,0.8816222445590152,41.76426972228997,1.0,0.0
108,0.8796374031273458,41.67024367721249,1.0,0.0
109,0.8776395079644871,41.57559924988156,1.0,0.0
110,0.8756286680547976,41.48034160311175,1.0,0.0
111,0.8736049929108487,41.38447592474011,1.0,0.0
112,0.8715685925635098,41.28800742715658,1.0,0.0
113,0.8695195775520037,41.19094134683284,1.0,0.0
114,0.8674580589139338,41.093282943849886,1.0,0.0
115,0.8653841481752852,40.99503750142437,1.0,0.0
116,0.8632979573403997,40.8962103254337,1.0,0.0
117,0.8611995988819273,40.79680674393999,1.0,0.0
118,0.8590891857307533,40.696832106712925,1.0,0.0
119,0.856966831265905,40.5962917847516,1.0,0.0
120,0.8548326493044371,40.495191169805366,1.0,0.0
121,0.8526867540912983,40.39353567389382,1.0,0.0
122,0.8505292602891796,40.29133072882585,1.0,0.0
123,0.8483602829683461,40.188581785717986,1.0,0.0
124,0.846179937596453,40.085294314511955,1.0,0.0
125,0.8439883400283479,39.98147380349157,1.0,0.0
126,0.8417856064958594,39.877125758799025,1.0,0.0
127,0.8395718535975752,39.77225570395066,1.0,0.0
128,0.8373471982886082,39.66686917935213,1.0,0.0
129,0.8351117578703542,39.56097174181326,1.0,0.0
130,0.8328656499802423,39.45456896406244,1.0,0.0
131,0.8306089925814769,39.34766643426071,1.0,0.0
132,0.8283419039527763,39.24026975551566,1.0,0.0
133,0.8260645026781049,39.13238454539505,1.0,0.0
134,0.8237769076364043,39.02401643544026,1.0,0.0
135,0.8214792379913212,38.91517107067979,1.0,0.0
136,0.8191716131809357,38.8058541091426,1.0,0.0
137,0.8168541529074903,38.69607122137157,1.0,0.0
138,0.81452697712712,38.585828089936996,1.0,0.0
139,0.8121902060395861,38.47513040895025,1.0,0.0
140,0.8098439600780148,38.36398388357768,1.0,0.0
141,0.8074883598986408,38.25239422955476,1.0,0.0
142,0.8051235263705572,38.14036717270049,1.0,0.0
143,0.802749580565475,38.02790844843232,1.0,0.0
144,0.8003666437474901,37.91502380128134,1.0,0.0
145,0.7979748373628617,37.80171898440812,1.0,0.0
146,0.7955742830298019,37.68799975911899,1.0,0.0
147,0.7931651025282787,37.57387189438297,1.0,0.0
148,0.7907474177898314,37.45934116634935,1.0,0.0
149,0.7883213508874032,37.344413357866,1.0,0.0
150,0.7858870240251884,37.229094257998455,1.0,0.0
151,0.7834445595284982,37.113389661549775,1.0,0.0
152,0.7809940798336447,36.99730536858136,1.0,0.0
153,0.778535707477844,36.88084718393467,1.0,0.0
154,0.7760695650891416,36.76402091675393,1.0,0.0
155,0.7735957753763589,36.64683238000987,1.0,0.0
156,0.7711144611190631,36.529287390024614,1.0,0.0
157,0.7686257451575615,36.41139176599767,1.0,0.0
158,0.7661297503829213,36.29315132953314,1.0,0.0
159,0.7636265997270155,36.174571904168175,1.0,0.0
160,0.7611164161525975,36.05565931490281,1.0,0.0
161,0.7585993226434034,35.936419387731064,1.0,0.0
162,0.7560754421942844,35.8168579491735,1.0,0.0
163,0.7535448978013707,35.69698082581129,1.0,0.0
164,0.7510078124522667,35.57679384382168,1.0,0.0
165,0.7484643091162796,35.456302828515184,1.0,0.0
166,0.7459145107346825,35.335513603874254,1.0,0.0
167,0.7433585402110119,35.214431992093694,1.0,0.0
168,0.7407965204014018,35.09306381312275,1.0,0.0
169,0.7382285741049552,34.97141488420898,1.0,0.0
170,0.7356548240541543,34.84949101944401,1.0,0.0
171,0.7330753929053085,34.727298029310965,1.0,0.0
172,0.7304904032290448,34.604841720234035,1.0,0.0
173,0.7278999775008373,34.48212789412983,1.0,0.0
174,0.7253042380915814,34.359162347960826,1.0,0.0
175,0.7227033072582087,34.235950873290825,1.0,0.0
176,0.7200973071343486,34.112499255842515,1.0,0.0
177,0.7174863597210333,33.98881327505722,1.0,0.0
178,0.7148705868774498,33.864898703656735,1.0,0.0
179,0.7122501103117389,33.7407613072075,1.0,0.0
180,0.7096250515718422,33.61640684368697,1.0,0.0
181,0.7069955320363981,33.49184106305238,1.0,0.0
182,0.7043616729056875,33.36706970681177,1.0,0.0
183,0.7017235951926306,33.242098507597554,1.0,0.0
184,0.6990814197138348,33.11693318874237,1.0,0.0
185,0.6964352670806957,32.991579463857576,1.0,0.0
186,0.6937852576905517,32.86604303641417,1.0,0.0
187,0.6911315117178919,32.74032959932634,1.0,0.0
188,0.68847414910562,32.61444483453757,1.0,0.0
189,0.685813289556374,32.488394412609495,1.0,0.0
190,0.6831490525239021,32.3621839923133,1.0,0.0
191,0.6804815572044974,32.235819220223995,1.0,0.0
192,0.6778109225284897,32.10930573031735,1.0,0.0
193,0.6751372671517973,31.98264914356972,1.0,0.0
194,0.6724607094475384,31.855855067560608,1.0,0.0
195,0.6697813674977036,31.728929096078204,1.0,0.0
196,0.6670993590848897,31.601876808727813,1.0,0.0
197,0.6644148016840958,31.47470377054318,1.0,0.0
198,0.6617278124545825,31.34741553160087,1.0,0.0
199,0.6590385082317941,31.220017626637606,1.0,0.0
200,0.6563470055193468,31.092515574670724,1.0,0.0
201,0.6536534204810803,30.96491487862164,1.0,0.0
202,0.6509578689331765,30.837221024942504,1.0,0.0
203,0.6482604663363439,30.709439483245955,1.0,0.0
204,0.6455613277880696,30.581575705938086,1.0,0.0
205,0.6428605680149391,30.453635127854607,1.0,0.0
206,0.640158301365024,30.325623165900254,1.0,0.0
207,0.6374546418003401,30.197545218691477,1.0,0.0
208,0.6347497028893733,30.069406666202436,1.0,0.0
209,0.6320435977996777,29.941212869414287,1.0,0.0
210,0.6293364392905435,29.812969169967904,1.0,0.0
211,0.6266283397057365,29.684680889819898,1.0,0.0
212,0.6239194109663099,29.556353330902112,1.0,0.0
213,0.6212097645634886,29.427991774784545,1.0,0.0
214,0.6184995115516267,29.2996014823417,1.0,0.0
215,0.6157887625412387,29.171187693422496,1.0,0.0
216,0.6130776276921044,29.042755626523615,1.0,0.0
217,0.6103662167064495,28.914310478466454,1.0,0.0
218,0.6076546388222004,28.785857424077584,1.0,0.0
219,0.6049430028063151,28.657401615872836,1.0,0.0
220,0.6022314169481905,28.52894818374499,1.0,0.0
221,0.5995199890531459,28.40050223465505,1.0,0.0
222,0.5968088264359833,28.272068852327223,1.0,0.0
223,0.5940980359146261,28.143653096947524,1.0,0.0
224,0.5913877238038343,28.0152600048661,1.0,0.0
225,0.5886779959089998,27.886894588303264,1.0,0.0
226,0.5859689575200184,27.758561835059215,1.0,0.0
227,0.5832607134052422,27.63026670822755,1.0,0.0
228,0.580553367805511,27.50201414591251,1.0,0.0
229,0.5778470244282635,27.373809060950034,1.0,0.0
230,0.5751417864417284,27.245656340632557,1.0,0.0
231,0.5724377564691964,27.11756084643768,1.0,0.0
232,0.5697350365833723,26.989527413760612,1.0,0.0
233,0.567033728300809,26.861560851650488,1.0,0.0
234,0.5643339325764218,26.733665942550513,1.0,0.0
235,0.5616357497980855,26.605847442042005,1.0,0.0
236,0.5589392797813122,26.47811007859229,1.0,0.0
237,0.5562446217640121,26.35045855330649,1.0,0.0
238,0.5535518744013366,26.222897539683224,1.0,0.0
239,0.5508611357606029,26.095431683374212,1.0,0.0
240,0.5481725033163035,25.96806560194782,1.0,0.0
241,0.5454860739451964,25.840803884656513,1.0,0.0
242,0.5428019439214803,25.713651092208256,1.0,0.0
243,0.540120208912052,25.58661175654189,1.0,0.0
244,0.5374409639718482,25.45969038060641,1.0,0.0
245,0.5347643035392701,25.33289143814428,1.0,0.0
246,0.5320903214316928,25.206219373478653,1.0,0.0
247,0.529419110841058,25.07967860130461,1.0,0.0
248,0.5267507643295507,24.953273506484365,1.0,0.0
249,0.5240853738253606,24.827008443846445,1.0,0.0
250,0.5214230306185275,24.700887737988914,1.0,0.0
251,0.5187638253568705,24.574915683086502,1.0,0.0
252,0.5161078480420028,24.449096542701835,1.0,0.0
253,0.5134551880254298,24.323434549600577,1.0,0.0
254,0.510805934004732,24.19793390557063,1.0,0.0
255,0.5081601740198329,24.072598781245315,1.0,0.0
256,0.5055179954493513,23.94743331593058,1.0,0.0
257,0.5028794850070369,23.822441617436162,1.0,0.0
258,0.5002447287382928,23.697627761910812,1.0,0.0
259,0.49761381201678034,23.572995793681503,1.0,0.0
260,0.49498681954110935,23.44854972509662,1.0,0.0
261,0.49236383533161315,23.324293536373183,1.0,0.0
262,0.48974494272720714,23.200231175448028,1.0,0.0
263,0.48713022438233244,23.076366557833044,1.0,0.0
264,0.48451976226398324,22.952703566474327,1.0,0.0
265,0.4819136376488188,22.829246051615375,1.0,0.0
266,0.47931193112035897,22.705997830664245,1.0,0.0
267,0.4767147225662642,22.582962688064697,1.0,0.0
268,0.47412209117569887,22.46014437517128,1.0,0.0
269,0.47153411543677887,22.337546610128427,1.0,0.0
270,0.4689508731341022,22.21517307775348,1.0,0.0
271,0.46637244134636346,22.093027429423664,1.0,0.0
272,0.4637988964440511,21.971113282967025,1.0,0.0
273,0.46123031408722787,21.84943422255727,1.0,0.0
274,0.45866676922339467,21.727993798612577,1.0,0.0
275,0.4561083360854363,21.606795527698274,1.0,0.0
276,0.4535550881896499,21.48584289243346,1.0,0.0
277,0.45100709833385616,21.365139341401516,1.0,0.0
278,0.44846443859559176,21.24468828906447,1.0,0.0
279,0.44592718033038425,21.124493115681293,1.0,0.0
280,0.4433953941701081,21.00455716723001,1.0,0.0
281,0.440869150021422,20.884883755333675,1.0,0.0
282,0.43834851706428757,20.765476157190193,1.0,0.0
283,0.43583356375056814,20.646337615505956,1.0,0.0
284,0.4333243578027089,20.5274713384333,0.9999999,1.1920929e-07
285,0.4308209662124961,20.408880499511746,0.9999999,1.1920929e-07
286,0.42832345523989707,20.290568237613023,0.9999999,1.1920929e-07
287,0.42583189041197905,20.172537656889883,0.9999999,1.1920929e-07
288,0.4233463365219077,20.054791826728632,0.9999999,1.1920929e-07
289,0.4208668576280241,19.93733378170542,0.9999999,1.1920929e-07
290,0.4183935170530007,19.820166521546245,0.9999999,1.1920929e-07
291,0.415926377383075,19.703293011090665,0.9999999,1.1920929e-07
292,0.41346550046736114,19.58671618025918,0.9999999,1.1920929e-07
293,0.41101094741723926,19.4704389240243,0.9999999,1.1920929e-07
294,0.4085627786058216,19.354464102385254,0.9999999,1.1920929e-07
295,0.40612105366749507,19.238794540346337,0.9999999,1.1920929e-07
296,0.4036858314975407,19.12343302789885,0.9999999,1.1920929e-07
297,0.4012571702518285,19.00838232000668,0.9999999,1.1920929e-07
298,0.3988351273465877,18.8936451365954,0.9999999,1.1920929e-07
299,0.39641975945825253,18.779224162544946,0.9999999,1.1920929e-07
300,0.394011122523382,18.665122047685855,0.9999999,1.1920929e-07
301,0.3916092717386544,18.551341406798972,0.9999999,1.1920929e-07
302,0.389214261560935,18.437884819618674,0.9999999,1.1920929e-07
303,0.3868261457074176,18.324754830839556,0.9999999,1.1920929e-07
304,0.38444497715583825,18.211953950126595,0.9999999,1.1920929e-07
305,0.38207080814476196,18.099484652128687,0.9999999,1.1920929e-07
306,0.3797036901739408,17.987349376495636,0.99999976,2.3841858e-07
307,0.37734367400474356,17.875550527898504,0.99999976,2.3841858e-07
308,0.3749908096606565,17.764090476053326,0.99999976,2.3841858e-07
309,0.37264514642785423,17.65297155574816,0.99999976,2.3841858e-07
310,0.37030673285584065,17.542196066873455,0.99999976,2.3841858e-07
311,0.36797561675815915,17.431766274455686,0.99999976,2.3841858e-07
312,0.36565184521317196,17.321684408694264,0.99999976,2.3841858e-07
313,0.3633354645649076,17.21195266500171,0.99999976,2.3841858e-07
314,0.36102652042397637,17.10257320404699,0.99999976,2.3841858e-07
315,0.3587250576685529,16.993548151802095,0.99999976,2.3841858e-07
316,0.35643112044542574,16.884879599591727,0.99999964,3.5762787e-07
317,0.3541447521711131,16.77656960414618,0.99999964,3.5762787e-07
318,0.3518659955330439,16.668620187657275,0.99999964,3.5762787e-07
319,0.34959489249080455,16.561033337837443,0.99999964,3.5762787e-07
320,0.3473314842774499,16.453811007981788,0.99999964,3.5762787e-07
321,0.3450758114008781,16.346955117033254,0.99999964,3.5762787e-07
322,0.34282791364526904,16.240467549650756,0.99999964,3.5762787e-07
323,0.3405878300725855,16.134350156280284,0.9999995,4.7683716e-07
324,0.33835559902413676,16.028604753228986,0.9999995,4.7683716e-07
325,0.33613125812220374,15.923233122742145,0.9999995,4.7683716e-07
326,0.33391484427172485,15.818237013083047,0.9999995,4.7683716e-07
327,0.3317063936620431,15.71361813861574,0.9999995,4.7683716e-07
328,0.329505941768712,15.609378179890593,0.9999994,5.9604645e-07
329,0.327313523355362,15.505518783732702,0.9999994,5.9604645e-07
330,0.3251291724756244,15.402041563333034,0.9999994,5.9604645e-07
331,0.32295292247511387,15.298948098342347,0.9999994,5.9604645e-07
332,0.32078480599346837,15.196239934967819,0.9999993,7.1525574e-07
333,0.31862485496644566,15.093918586072368,0.9999993,7.1525574e-07
334,0.31647310062807615,14.991985531276635,0.9999993,7.1525574e-07
335,0.31432957351287116,14.890442217063594,0.99999917,8.34465e-07
336,0.31219430345808596,14.789290056885756,0.99999917,8.34465e-07
337,0.3100673196060375,14.68853043127497,0.99999917,8.34465e-07
338,0.3079486504064752,14.588164687954723,0.99999905,9.536743e-07
339,0.305838323619005,14.488194141954986,0.99999905,9.536743e-07
340,0.30373636631556583,14.388620075729513,0.9999989,1.0728836e-06
341,0.3016428048829575,14.289443739275603,0.9999989,1.0728836e-06
342,0.29955766502541975,14.190666350256267,0.9999989,1.0728836e-06
343,0.2974809717672615,14.0922890941248,0.9999988,1.1920929e-06
344,0.2954127494555403,13.994313124251684,0.9999988,1.1920929e-06
345,0.29335302176278993,13.896739562053824,0.9999987,1.3113022e-06
346,0.29130181168979735,13.799569497126082,0.99999857,1.4305115e-06
347,0.2892591415684266,13.702803987375063,0.99999857,1.4305115e-06
348,0.28722503306449026,13.606444059155132,0.99999845,1.5497208e-06
349,0.2851995071806671,13.510490707406635,0.99999845,1.5497208e-06
350,0.28318258425946524,13.41494489579627,0.99999833,1.66893e-06
351,0.28117428398623057,13.319807556859597,0.9999982,1.7881393e-06
352,0.27917462539219956,13.225079592145661,0.9999981,1.9073486e-06
353,0.2771836268575957,13.130761872363678,0.9999981,1.9073486e-06
354,0.27520130611476873,13.036855237531743,0.999998,2.026558e-06
355,0.27322768025137667,12.943360497127566,0.99999785,2.1457672e-06
356,0.27126276571360897,12.850278430241167,0.99999774,2.2649765e-06
357,0.2693065783094508,12.757609785729512,0.9999976,2.3841858e-06
358,0.26735913321198806,12.665355282373067,0.9999975,2.503395e-06
359,0.2654204449627512,12.573515609034217,0.9999974,2.6226044e-06
360,0.2634905274750986,12.482091424817538,0.99999726,2.7418137e-06
361,0.261569394037638,12.391083359231866,0.99999714,2.861023e-06
362,0.25965705731768535,12.300492012354166,0.9999969,3.0994415e-06
363,0.2577535293647606,12.210317954995128,0.9999968,3.2186508e-06
364,0.2558588216141198,12.120561728866493,0.99999666,3.33786e-06
365,0.2539729448903226,12.031223846750041,0.9999964,3.5762787e-06
366,0.25209590941083443,11.94230479266825,0.9999963,3.695488e-06
367,0.25022772478966293,11.853805022056555,0.99999607,3.9339066e-06
368,0.24836840004102814,11.765724961937208,0.9999958,4.172325e-06
369,0.2465179435830648,11.678065011094667,0.9999957,4.2915344e-06
370,0.24467636324155725,11.590825540252526,0.99999547,4.529953e-06
371,0.2428436662537055,11.504006892251924,0.99999523,4.7683716e-06
372,0.24101985927192202,11.417609382231404,0.999995,5.00679e-06
373,0.2392049483676588,11.331633297808207,0.99999475,5.2452087e-06
374,0.23739893903526332,11.246078899260942,0.9999944,5.6028366e-06
375,0.23560183619586364,11.160946419713623,0.99999416,5.841255e-06
376,0.23381364420128117,11.076236065321035,0.9999938,6.198883e-06
377,0.23203436683797088,10.991948015455387,0.99999356,6.4373016e-06
378,0.2302640073309882,10.908082422894223,0.9999932,6.7949295e-06
379,0.22850256834798177,10.82463941400958,0.99999285,7.1525574e-06
380,0.2267500520032116,10.741619088958329,0.9999925,7.5101852e-06
381,0.22500645986159173,10.659021521873685,0.99999213,7.867813e-06
382,0.22327179294275687,10.576846761057855,0.99999166,8.34465e-06
383,0.22154605172515246,10.495094829175788,0.9999913,8.702278e-06
384,0.21982923615014718,10.413765723449997,0.9999908,9.179115e-06
385,0.21812134562616745,10.332859415856419,0.99999034,9.655952e-06
386,0.21642237903285325,10.252375853321281,0.99998987,1.013279e-05
387,0.21473233472523454,10.172314957918948,0.9999894,1.0609627e-05
388,0.2130512105379277,10.09267662707072,0.9999888,1.1205673e-05
389,0.21137900378935123,10.013460733744532,0.9999882,1.180172e-05
390,0.20971571128596014,9.934667126655551,0.9999876,1.2397766e-05
391,0.2080613293264983,9.856295630467617,0.999987,1.2993813e-05
392,0.2064158537062682,9.778346045995509,0.9999863,1.3709068e-05
393,0.20477927972141746,9.70081815040801,0.9999856,1.4424324e-05
394,0.20315160217324138,9.623711697431718,0.99998486,1.513958e-05
395,0.20153281537250078,9.547026417555607,0.99998415,1.5854836e-05
396,0.19992291314375488,9.47076201823627,0.9999833,1.66893e-05
397,0.19832188882970817,9.394918184103844,0.9999825,1.7523766e-05
398,0.1967297352955709,9.319494577168577,0.9999815,1.847744e-05
399,0.19514644493343236,9.244490837028001,0.99998057,1.9431114e-05
400,0.19357200966664662,9.169906581074686,0.9999796,2.0384789e-05
401,0.19200642095422965,9.095741404704551,0.99997854,2.1457672e-05
402,0.1904496697952677,9.021994881525686,0.99997747,2.2530556e-05
403,0.18890174673333612,8.948666563567691,0.9999763,2.3722649e-05
404,0.18736264186092771,8.875755981491455,0.9999751,2.4914742e-05
405,0.18583234482389063,8.803262644799382,0.9999738,2.6226044e-05
406,0.18431084482587456,8.731186042046021,0.99997246,2.7537346e-05
407,0.18279813063278516,8.65952564104908,0.99997103,2.8967857e-05
408,0.1812941905772457,8.588280889100785,0.9999696,3.0398369e-05
409,0.17979901256306557,8.517451213179562,0.99996805,3.194809e-05
410,0.17831258406971512,8.447036020162017,0.9999664,3.361702e-05
411,0.17683489215680587,8.377034697035173,0.9999646,3.540516e-05
412,0.17536592346857593,8.30744661110896,0.9999628,3.71933e-05
413,0.17390566423838005,8.23827111022891,0.9999609,3.9100647e-05
414,0.17245410029318312,8.169507522989026,0.9999589,4.1127205e-05
415,0.17101121705805744,8.10115515894483,0.99995685,4.3153763e-05
416,0.16957699956068253,8.033213308826523,0.9999546,4.541874e-05
417,0.16815143243584718,7.965681244752262,0.9999523,4.7683716e-05
418,0.16673449992995307,7.898558220441502,0.9999498,5.018711e-05
419,0.1653261859055197,7.831843471428404,0.9999473,5.2690506e-05
420,0.1639264738456896,7.765536215275257,0.99994457,5.543232e-05
421,0.16253534685873364,7.699635651785907,0.9999417,5.8293343e-05
422,0.161152787682556,7.634140963219159,0.9999387,6.1273575e-05
423,0.1597787786891977,7.5690513145021265,0.9999356,6.4373016e-05
424,0.15841330188933883,7.504365853443506,0.9999323,6.771088e-05
425,0.15705633893679846,7.440083710946753,0.99992883,7.1167946e-05
426,0.15570787113303208,7.376204001223124,0.99992514,7.4863434e-05
427,0.15436787943162578,7.312725822004591,0.9999213,7.867813e-05
428,0.1530363444427867,7.249648254756547,0.99991727,8.273125e-05
429,0.15171324643782938,7.186970364890349,0.999913,8.702278e-05
430,0.15039856535365756,7.124691201975614,0.99990857,9.1433525e-05
431,0.14909228079724052,7.062809799952289,0.9999039,9.608269e-05
432,0.147794372050084,7.001325177342434,0.9998989,0.00010108948
433,0.14650481807269486,6.940236337461731,0.9998938,0.00010621548
434,0.1452235975090391,6.879542268630665,0.9998883,0.000111699104
435,0.1439506886909929,6.819241944385382,0.9998826,0.00011742115
436,0.14268606964278593,6.759334323688176,0.9998766,0.00012338161
437,0.1414297180854367,6.699818351137599,0.9998703,0.0001296997
438,0.1401816114411794,6.6406929571781745,0.9998636,0.00013637543
439,0.13894172683788186,6.58195705830968,0.9998566,0.00014340878
440,0.13771004111345383,6.523609557295981,0.9998493,0.00015068054
441,0.13648653082024584,6.4656493433734115,0.9998416,0.00015842915
442,0.13527117222943735,6.4080752924586495,0.99983346,0.00016653538
443,0.13406394133541455,6.350886267356102,0.99982494,0.00017505884
444,0.13286481386013668,6.29408111796475,0.999816,0.00018399954
445,0.13167376525749097,6.237658681484449,0.99980646,0.00019353628
446,0.13049077071763554,6.181617782621657,0.99979657,0.00020343065
447,0.12931580517132996,6.125957233794592,0.9997862,0.00021380186
448,0.12814884329425283,6.070675835337754,0.99977523,0.00022476912
449,0.1269898595113063,6.015772375705845,0.99976367,0.00023633242
450,0.12583882800090698,5.961245631677038,0.9997515,0.00024849176
451,0.1246957226992627,5.9070943685555735,0.99973875,0.00026124716
452,0.12356051730463509,5.853317340373689,0.9997254,0.0002745986
453,0.12243318528158721,5.799913290092838,0.99971133,0.0002886653
454,0.12131369986521619,5.746880949804196,0.9996966,0.00030338764
455,0.12020203406537021,5.6942190409284335,0.999681,0.00031900406
456,0.11909816067084976,5.64192627441473,0.99966466,0.00033533573
457,0.11800205225359257,5.59000135093903,0.9996475,0.00035250187
458,0.116913681172842,5.538442961101505,0.9996294,0.00037062168
459,0.11583301957929844,5.4872497856232165,0.9996105,0.00038951635
460,0.11476003941925353,5.436420495541957,0.99959046,0.0004095435
461,0.1136947124387067,5.385953752407264,0.9995695,0.00043052435
462,0.11263701018746385,5.335848208474584,0.9995473,0.00045269728
463,0.11158690402321764,5.286102506898559,0.99952424,0.00047576427
464,0.11054436511560933,5.2367152819254486,0.9994998,0.0005002022
465,0.10950936445027167,5.187685159084647,0.9994742,0.0005257726
466,0.10848187283285252,5.139010755379293,0.99944717,0.0005528331
467,0.10746186089301914,5.090690679475961,0.999419,0.0005810261
468,0.10644929908844249,5.0427235318934045,0.99938905,0.0006109476
469,0.10544415770876153,4.995107905190351,0.9993579,0.00064212084
470,0.10444640687952715,4.947842384152339,0.9993249,0.0006750822
471,0.10345601656612537,4.900925545977566,0.99929035,0.0007096529
472,0.10247295657767966,4.854355960461749,0.9992539,0.00074607134
473,0.10149719657093208,4.808132190181981,0.9992157,0.0007842779
474,0.10052870605410284,4.762252790679569,0.9991756,0.00082439184
475,0.09956745439072825,4.716716310641844,0.9991334,0.00086659193
476,0.09861341080347663,4.671521292082928,0.999089,0.0009109974
477,0.09766654437794199,4.62666627052345,0.9990422,0.00095778704
478,0.09672682406641525,4.5821497751691975,0.9989932,0.001006782
479,0.09579421869163277,4.537970329088688,0.9989417,0.0010582805
480,0.09486869695050186,4.4941264493896576,0.9988875,0.0011125207
481,0.09395022741780329,4.4506166473944555,0.9988305,0.0011695027
482,0.09303877854987024,4.407439428814322,0.99877053,0.001229465
483,0.09213431868824369,4.364593293922558,0.99870765,0.0012923479
484,0.09123681606330411,4.3220767377265545,0.99864143,0.0013585687
485,0.09034623879787898,4.2798882501387,0.9985719,0.0014281273
486,0.0894625549108262,4.238026316146127,0.9984988,0.0015012026
487,0.0885857323205931,4.19648941597931,0.998422,0.0015779734
488,0.08771573884875068,4.155276025279496,0.9983412,0.0016587973
489,0.08685254222350337,4.114384615264958,0.99825627,0.0017437339
490,0.08599611008317352,4.073813652896075,0.99816704,0.001832962
491,0.08514640997966103,4.033561601039212,0.9980732,0.0019267797
492,0.08430340938187741,3.993626918629404,0.9979747,0.0020253062
493,0.08346707567915466,3.9540080608318386,0.99787104,0.0021289587
494,0.0826373761846283,3.9147034792021183,0.9977621,0.002237916
495,0.08181427813859474,3.875711621845309,0.9976477,0.0023522973
496,0.08099774871184275,3.8370309335737525,0.9975274,0.0024725795
497,0.0801877550089588,3.7986598560636535,0.997401,0.002599001
498,0.07938426407160627,3.7605968280104176,0.9972681,0.0027319193
499,0.07858724288177824,3.7228402852827456,0.9971284,0.002871573
500,0.07779665836502389,3.685388661075475,0.99698156,0.0030184388
501,0.0770124773936484,3.648240386061163,0.9968273,0.0031726956
502,0.07623466678988594,3.6113938885404004,0.9966652,0.0033348203
503,0.07546319332904607,3.574847594590863,0.9964948,0.0035051703
504,0.07469802374263308,3.538599928215079,0.9963158,0.0036842227
505,0.0739391247214384,3.5026493114869246,0.99612767,0.003872335
506,0.07318646291860585,3.4669941646968305,0.9959299,0.004070103
507,0.07244000495266965,3.4316329064957003,0.99572206,0.0042779446
508,0.07169971741056524,3.396563954037537,0.9955037,0.0044962764
509,0.07096556685061263,3.3617857231207706,0.9952743,0.0047256947
510,0.07023751980547224,3.3272966283282854,0.99503314,0.004966855
511,0.06951554278507341,3.2930950831661456,0.99477994,0.0052200556
512,0.06879960227951507,3.259179500201009,0.99451375,0.00548625
513,0.06808966476193888,3.2255482911962323,0.994234,0.0057659745
514,0.06738569669137463,3.1921998672466625,0.99394023,0.006059766
515,0.0666876645155578,3.1591326389121126,0.99363154,0.0063684583
516,0.0659955346737193,3.1263450163495174,0.9933072,0.0066928267
517,0.06530927359934739,3.0938354094437694,0.9929664,0.0070335865
518,0.0646288477229216,3.0616022279372315,0.9926085,0.0073915124
519,0.06395422347461867,3.0296438815579223,0.99223244,0.007767558
520,0.06328536728699057,2.9979587801463814,0.99183744,0.008162558
521,0.06262224559761442,2.9665453337811996,0.9914225,0.008577526
522,0.06196482485171442,2.935401952903225,0.99098665,0.009013355
523,0.06131307150475559,2.904527048438434,0.9905289,0.009471118
524,0.06066695202500953,2.8739190319194794,0.99004817,0.00995183
525,0.060026432896092025,2.8435763156058984,0.9895433,0.010456681
526,0.05939148061947253,2.813497312602993,0.9890131,0.010986924
527,0.058762061716955534,2.7836804369793793,0.98845625,0.011543751
528,0.058138142733133794,2.754124103883199,0.9878715,0.012128472
529,0.05751969023781346,2.724826729657006,0.98725766,0.012742341
530,0.05690667082841108,2.695786731951315,0.9866131,0.013386905
531,0.056299051132322496,2.667002529836822,0.9859364,0.014063597
532,0.05569679780926365,2.638472543915294,0.985226,0.0147740245
533,0.05509987755358331,2.610195196429124,0.9844802,0.015519798
534,0.05450825709654777,2.582168911369568,0.9836975,0.016302526
535,0.05392190320859747,2.55439211458364,0.982876,0.017123997
536,0.053340782701575724,2.526863233879694,0.98201376,0.017986238
537,0.052764862430929343,2.499580699131673,0.9811091,0.018890917
538,0.05219410929788143,2.472542942382036,0.98015976,0.01984024
539,0.051628490251576266,2.44574839794337,0.9791637,0.020836294
540,0.05106797229119631,2.4191955024986713,0.97811866,0.021881342
541,0.050512522468051484,2.392882695200323,0.97702265,0.022977352
542,0.049962107887640606,2.3668084177677478,0.975873,0.024127007
543,0.0494166957116852,2.3409711145837564,0.9746674,0.02533263
544,0.048876253160135635,2.3153692327895774,0.973403,0.026597023
545,0.0483407475131497,2.2900012223785913,0.97207737,0.02792263
546,0.047810146113043656,2.2648655362887533,0.97068775,0.029312253
547,0.047284416366215824,2.2399606304937194,0.9692311,0.030768871
548,0.04676352574504281,2.215284964092672,0.9677046,0.032295406
549,0.04624744178974842,2.1908369993988566,0.9661048,0.033895195
550,0.045736132110245326,2.166615202026824,0.96442884,0.035571158
551,0.04522956438794959,2.1426180409783893,0.96267307,0.037326932
552,0.0447277063775681,2.118843988727305,0.96083426,0.039165735
553,0.04423052590885905,2.0952915213026593,0.9589087,0.041091323
554,0.043737990888365455,2.0719591183709962,0.9568927,0.04310727
555,0.04325006930112191,2.0488452633171685,0.9547826,0.045217395
556,0.042766729212334605,2.0259484433239234,0.95257413,0.047425866
557,0.042287938769034715,2.003267149450226,0.9502635,0.0497365
558,0.04181366620170524,1.980799876708329,0.9478465,0.052153528
559,0.041343879825881474,1.9585451241395857,0.9453187,0.0546813
560,0.04087854804372509,1.936501394889022,0.9426758,0.05732417
561,0.04041763934557202,1.9146671962786606,0.93991333,0.060086668
562,0.039961122311454274,1.893041039879612,0.9370266,0.06297338
563,0.03950896561259566,1.8716214415829322,0.93401104,0.06598896
564,0.03906113801288172,1.8504069216692542,0.9308616,0.06913841
565,0.03861760837030382,1.8293960048771991,0.92757356,0.07242644
566,0.03817834563837762,1.8085872204705713,0.9241418,0.075858176
567,0.037743318867536,1.7879791023043448,0.92056143,0.07943857
568,0.03731249720649656,1.7675701888894433,0.9168273,0.08317268
569,0.03688584990360386,1.7473590234563259,0.9129342,0.087065816
570,0.036463346308146447,1.7273441540173784,0.9088771,0.091122925
571,0.03604495587164893,1.7075241334281188,0.9046505,0.09534949
572,0.035630648149139035,1.6878975194472228,0.90024954,0.09975046
573,0.03522039280039,1.6684628747953774,0.89566875,0.104331255
574,0.034814159591138254,1.649218767212965,0.8909032,0.109096825
575,0.03441191839427664,1.6301637695165898,0.8859476,0.114052415
576,0.03401363919102324,1.611296459654446,0.880797,0.11920297
577,0.03361929207206601,1.592615420760542,0.8754467,0.12455332
578,0.03322884723868331,1.5741192412077833,0.8698916,0.13010842
579,0.03284227500384049,1.5558065146599187,0.8641271,0.1358729
580,0.0324595457932627,1.5376758401223618,0.8581489,0.14185113
581,0.032080630146484046,1.5197258219918923,0.85195273,0.14804727
582,0.03170549871787325,1.5019550701052429,0.8455348,0.1544652
583,0.03133412227763595,1.4843621997865806,0.838891,0.16110897
584,0.030966471712793795,1.4669458318938895,0.8320184,0.16798162
585,0.030602518028140544,1.449704592864261,0.82491374,0.17508626
586,0.03024223234717521,1.4326371147581003,0.81757444,0.18242556
587,0.02988558591301251,1.4157420353022565,0.80999845,0.19000155
588,0.029532550089270717,1.399017997932081,0.8021839,0.19781607
589,0.029183096360937112,1.382463651832426,0.7941296,0.20587039
590,0.028837196335211167,1.3660776519775888,0.785835,0.21416497
591,0.028494821742325607,1.3498586591702055,0.7772999,0.22270012
592,0.02815594443634558,1.333805340079111,0.7685248,0.23147517
593,0.02782053639594601,1.3179163672761627,0.7595109,0.24048913
594,0.027488569725167354,1.302190419272043,0.7502601,0.24973989
595,0.027160016654149948,1.286626180551046,0.74077487,0.25922513
596,0.026834849539847015,1.2712223416048551,0.7310586,0.2689414
597,0.02651304086671661,1.2559775989653212,0.7211152,0.27888483
598,0.0261945632473926,1.2408906552362484,0.7109495,0.28905052
599,0.025879389423334884,1.2259602191241965,0.7005672,0.2994328
600,0.025567492265459,1.2111850054683073,0.6899745,0.3100255
601,0.0252588447747453,1.1965637352691614,0.6791787,0.3208213
602,0.024953420082827894,1.182095135716678,0.66818774,0.33181226
603,0.024651191452563448,1.1677779402170612,0.65701044,0.34298956
604,0.02435213227858012,1.153610888418802,0.6456563,0.3543437
605,0.02405621608780675,1.1395927262377497,0.6341356,0.3658644
606,0.023763416539982457,1.1257222058812506,0.62245935,0.37754065
607,0.02347370742814687,1.1119980858713718,0.6106393,0.38936073
608,0.023187062679111126,1.0984191310672142,0.59868765,0.40131235
609,0.022903456353909866,1.084984112686323,0.5866176,0.4133824
610,0.02262286264823432,1.0716918083252052,0.5744425,0.4255575
611,0.02234525589284676,1.058541001978962,0.5621765,0.43782347
612,0.022070610553976393,1.0455304840600441,0.54983395,0.45016605
613,0.021798901233696977,1.0326590514161391,0.5374298,0.4625702
614,0.02153010267028627,1.0199255073472004,0.5249792,0.47502083
615,0.02126418973856749,1.0073286616216222,0.51249737,0.48750263
616,0.021001137450233017,0.9948673304915736,0.5,0.5
617,0.02074092095415046,0.9825403367074987,0.48750263,0.51249737
618,0.020483515536651307,0.9703465095317898,0.4750208,0.52497923
619,0.02022889662180232,0.9582846847516437,0.46257016,0.5374298
620,0.019977039771659863,0.9463537046911108,0.45016602,0.549834
621,0.019727920686507326,0.934552418222341,0.4378235,0.56217647
622,0.019481515205075864,0.922879680776042,0.4255575,0.5744425
623,0.01923779930474858,0.9113343543511504,0.4133824,0.5866176
624,0.018996749101748388,0.8999153075237324,0.40131235,0.59868765
625,0.018758340851309688,0.8886214154551156,0.38936076,0.6106392
626,0.01852255094783406,0.8774515598992653,0.37754068,0.6224593
627,0.018289355925030157,0.8664046292094103,0.36586443,0.6341356
628,0.018058732456037965,0.8554795183439309,0.3543437,0.6456563
629,0.017830657353537633,0.844675128871513,0.34298956,0.65701044
630,0.01760510756984302,0.8339903689755807,0.33181223,0.66818774
631,0.017382060196980166,0.8234241534580129,0.3208213,0.6791787
632,0.017161492466750878,0.8129754037421558,0.3100255,0.6899745
633,0.01694338175078156,0.8026430478751362,0.29943287,0.7005671
634,0.01672770556055752,0.7924260205294863,0.2890505,0.71094954
635,0.01651444154744292,0.782323263004089,0.27888483,0.7211152
636,0.016303567502686515,0.7723337232244503,0.26894143,0.7310586
637,0.01609506135741342,0.762456355742308,0.2592251,0.74077487
638,0.01588890118260301,0.752690121734586,0.24973989,0.7502601
639,0.01568506518905322,0.7430339890017027,0.2404891,0.7595109
640,0.015483531727331329,0.7334869319652393,0.23147522,0.76852477
641,0.015284279287711483,0.7240479316649803,0.22270013,0.7772999
642,0.015087286500099084,0.7147159757553319,0.21416503,0.78583497
643,0.014892532133942248,0.7054900585011271,0.20587036,0.7941296
644,0.014699995098130504,0.6963691807728275,0.1978161,0.80218387
645,0.014509654440880898,0.6873523500411269,0.19000155,0.80999845
646,0.014321489349611685,0.678438580370969,0.18242553,0.8175745
647,0.014135479150803796,0.6696268924149836,0.17508627,0.82491374
648,0.013951603309850232,0.660916313406353,0.16798161,0.8320184
649,0.013769841430893574,0.6523058771511141,0.16110896,0.838891
650,0.013590173256651777,0.6437946240199058,0.15446526,0.84553474
651,0.01341257866823242,0.6353816009391701,0.14804721,0.8519528
652,0.013237037684935586,0.6270658613818133,0.14185107,0.85814893
653,0.013063530464045538,0.6188464653573386,0.1358729,0.8641271
654,0.012892037300611378,0.6107224794014539,0.13010848,0.8698915
655,0.012722538627216834,0.6026929765651672,0.124553345,0.8754467
656,0.01255501501373936,0.5947570364033742,0.11920292,0.8807971
657,0.012389447167098715,0.5869137449629485,0.11405239,0.8859476
658,0.012225815930995193,0.5791621947703403,0.10909683,0.8909032
659,0.012064102285637665,0.5715014848186932,0.10433122,0.8956688
660,0.011904287347461589,0.563930720554487,0.09975048,0.90024954
661,0.011746352368837178,0.5564490138637112,0.09534947,0.9046505
662,0.011590278737767875,0.5490554830575823,0.09112296,0.908877
663,0.011436047977579295,0.5417492528578082,0.08706578,0.91293424
664,0.011283641746598813,0.5345294543814094,0.083172694,0.9168273
665,0.011133041837825939,0.527395225125104,0.07943855,0.92056143
666,0.010984230178593665,0.5203457089492651,0.075858176,0.9241418
667,0.010837188830220924,0.513380056061457,0.07242649,0.9275735
668,0.010691899987656328,0.5064974229995584,0.06913843,0.9308616
669,0.01054834597911335,0.4996969726144802,0.065989,0.934011
670,0.010406509265697103,0.4929778740524852,0.06297336,0.9370266
671,0.010266372441022858,0.48633930273711656,0.060086653,0.93991333
672,0.010127918230826493,0.4797804403507438,0.057324175,0.9426758
673,0.009991129492566983,0.47330047481573234,0.05468132,0.9453187
674,0.009855989215021127,0.46689860027524427,0.05215356,0.9478464
675,0.009722480517870625,0.46057401707367807,0.049736507,0.9502635
676,0.009590586651281699,0.45432593173675356,0.047425874,0.95257413
677,0.009460290995477369,0.4481535569512505,0.045217477,0.95478255
678,0.009331577060302566,0.4420561115444065,0.04310726,0.9568927
679,0.009204428484782206,0.4360328204629826,0.041091274,0.95890874
680,0.009078829036672394,0.43008291475200233,0.03916572,0.96083426
681,0.008954762612004882,0.4242056315331721,0.037326887,0.9626731
682,0.008832213234624955,0.4184002139829898,0.03557119,0.9644288
683,0.008711165055722862,0.41266591131054786,0.03389517,0.9661048
684,0.008591602353358953,0.4070019787350378,0.03229546,0.96770453
685,0.008473509531982663,0.40140767746296335,0.030768858,0.9692311
686,0.008356871121945473,0.39588227466506903,0.02931223,0.97068775
687,0.008241671779008,0.39042504345298934,0.027922574,0.9720774
688,0.008127896283841356,0.38503526285562745,0.026596995,0.973403
689,0.008015529541522905,0.37971221779526804,0.0253327,0.9746673
690,0.00790455658102656,0.37445519906343167,0.02412702,0.975873
691,0.007794962554707759,0.36926350329647695,0.02297737,0.97702265
692,0.007686732737783249,0.364136432950957,0.021881271,0.9781187
693,0.00757985252780582,0.3590732962787362,0.020836348,0.97916365
694,0.007474307444134105,0.3540734073018739,0.019840304,0.9801597
695,0.007370083127397602,0.34913608578728134,0.01889096,0.981109
696,0.007267165338957027,0.3442606572211569,0.01798621,0.98201376
697,0.007165539960360133,0.33944645278320795,0.01712403,0.98287594
698,0.007065192992793131,0.33469280932066303,0.0163025,0.9836975
699,0.006966110556527834,0.32999906932208195,0.015519755,0.98448026
700,0.006868278890364642,0.325364580890969,0.014774035,0.985226
701,0.0067716843510715035,0.32078869771919527,0.0140636265,0.9859364
702,0.00667631341281898,0.31627077906023654,0.013386915,0.9866131
703,0.0065821526666115186,0.31181018970223146,0.012742351,0.98725766
704,0.0064891888197150666,0.30740629994086643,0.012128434,0.9878716
705,0.006397408695081151,0.3030584855520932,0.011543755,0.98845625
706,0.006306799230767526,0.2987661277646836,0.010986943,0.9890131
707,0.006217347479355522,0.29452861323262813,0.010456705,0.9895433
708,0.006129040607364207,0.2903453340073838,0.009951803,0.99004817
709,0.006041865894661466,0.28621568750997545,0.009471043,0.99052894
710,0.005955810733872129,0.2821390765029578,0.009013301,0.9909867
711,0.005870862629783243,0.27811490906224173,0.008577486,0.99142253
712,0.005787009198746618,0.27414259854879186,0.00816257,0.99183744
713,0.00570423816807874,0.270221563580199,0.00776757,0.99223244
714,0.005622537375458164,0.2663512280021337,0.0073915403,0.9926085
715,0.005541894768320512,0.26253102085968544,0.0070335884,0.9929664
716,0.0054622984032511495,0.25876037636859334,0.006692851,0.9933072
717,0.005383736445375681,0.2550387338863719,0.0063685146,0.9936315
718,0.005306197167748343,0.2513655378833383,0.0060598017,0.9939402
719,0.005229668950738415,0.24774023791354538,0.005765965,0.994234
720,0.005154140281414732,0.24416228858562464,0.0054862997,0.9945137
721,0.0050795997529284225,0.24063114953354517,0.005220126,0.9947799
722,0.005006036063893945,0.23714628538729243,0.0049668006,0.9950332
723,0.00493343801776855,0.23370716574347167,0.0047257133,0.9952743
724,0.004861794522230234,0.2303132651358406,0.0044962727,0.9955037
725,0.00479109458855431,0.22696406300577612,0.0042779264,0.99572206
726,0.004721327330988669,0.2236590436726791,0.0040701376,0.99592984
727,0.00465248196612783,0.2203976963043221,0.0038724027,0.9961276
728,0.004584547812285884,0.21717951488714413,0.0036842402,0.9963158
729,0.004517514288868407,0.21400399819649696,0.0035051866,0.9964948
730,0.004451370915743433,0.210870649766847,0.003334808,0.9966652
731,0.0043861073126115905,0.20777897786193705,0.0031726826,0.9968273
732,0.004321713198375474,0.20472849544491234,0.0030184158,0.99698156
733,0.004258178390508345,0.20171872014841458,0.0028716295,0.99712837
734,0.004195492804422248,0.19874917424464814,0.0027319605,0.997268
735,0.0041336464528356175,0.19581938461542253,0.0025990682,0.99740094
736,0.004072629445140473,0.1929288827221749,0.002472623,0.99752736
737,0.004012431986769268,0.19007720457597652,0.0023523152,0.9976477
738,0.003953044378561491,0.18726389070752722,0.0022378487,0.99776214
739,0.0038944570161300786,0.1844884861371412,0.0021289394,0.99787104
740,0.0038366603892277334,0.18175054034472812,0.0020253207,0.9979747
741,0.003779645081113222,0.17904960723977342,0.0019267347,0.9980733
742,0.0037234017679177215,0.17638524513132067,0.0018329385,0.99816704
743,0.003667921218011299,0.1737570166979605,0.0017437014,0.9982563
744,0.0036131942913695896,0.17116448895782893,0.0016588009,0.9983412
745,0.0035592119389407533,0.16860723323861854,0.0015780284,0.99842197
746,0.0035059652020127743,0.16608482514760642,0.0015011822,0.9984988
747,0.0034534452115811813,0.16359684454170156,0.001428073,0.99857193
748,0.003401643187717252,0.16114287549751552,0.0013585201,0.9986415
749,0.0033505504389367744,0.15872250628145926,0.0012923497,0.99870765
750,0.003300158361569426,0.15633532931986935,0.0012293989,0.9987706
751,0.0032504584391288456,0.15398094116916708,0.0011695103,0.9988305
752,0.003201442241683456,0.15165894248605283,0.0011125358,0.9988875
753,0.0031531014252281025,0.1493689379977394,0.0010583346,0.99894166
754,0.003105427731056573,0.14711053647222702,0.0010067708,0.9989932
755,0.0030584129851350594,0.14488335068862288,0.00095771725,0.9990423
756,0.00301204909747662,0.14268699740750804,0.0009110512,0.99908894
757,0.0029663280615167048,0.14052109734135493,0.000866657,0.99913335
758,0.002921241953489802,0.1383852751249977,0.0008244248,0.99917555
759,0.0028767829318072607,0.1362791592861584,0.00078424846,0.9992157
760,0.0028329432364363493,0.13420238221603176,0.00074602896,0.999254
761,0.002789715188280605,0.1321545801399309,0.0007096704,0.99929035
762,0.002747091188561527,0.1301353930879971,0.00067508256,0.9993249
763,0.0027050637182016684,0.12814446486597536,0.00064217974,0.9993578
764,0.0026636253372091766,0.126181443026059,0.0006108793,0.9993891
765,0.0026227686840638404,0.12424597883780523,0.00058110384,0.9994189
766,0.0025824864751046845,0.12233772725912445,0.0005527786,0.9994472
767,0.002542771503919171,0.1204563469073453,0.00052583334,0.99947417
768,0.0025036166407340467,0.11860150003035792,0.0005002012,0.9994998
769,0.002465014831807894,0.11677285247783781,0.0004758176,0.9995242
770,0.0024269590988254216,0.11497007367255208,0.0004526223,0.99954736
771,0.0023894425382935485,0.11319283658175079,0.00043055712,0.9995694
772,0.0023524583209393224,0.11144081768864503,0.00040956706,0.99959046
773,0.0023159996911097176,0.10971369696397415,0.00038960014,0.9996104
774,0.0022800599661733528,0.10801115783766382,0.00037060608,0.9996294
775,0.0022446325359241743,0.10633288717057737,0.0003525379,0.99964744
776,0.002209710861987143,0.1046785752263619,0.00033535014,0.99966466
777,0.0021752884772259654,0.10304791564339123,0.00031900007,0.999681
778,0.0021413589851529097,0.10144060540680777,0.00030344693,0.99969655
779,0.002107916059340742,0.09985634482066462,0.00028865214,0.99971133
780,0.0020749534428368232,0.0982948374801702,0.0002745782,0.9997254
781,0.0020424649475794007,0.09675579024403673,0.00026119032,0.9997388
782,0.0020104444538161332,0.0952389132069346,0.00024845504,0.99975157
783,0.0019788859095248787,0.09374391967205385,0.00023634057,0.99976367
784,0.0019477833298367857,0.09227052612377482,0.00022481686,0.9997752
785,0.0019171307964617147,0.09081845220044918,0.00021385471,0.99978614
786,0.001886922457116026,0.08938742066729309,0.00020342697,0.99979657
787,0.0018571525249527657,0.08797715738939385,0.00019350761,0.99980646
788,0.0018278152779942752,0.08658739130483152,0.00018407183,0.99981594
789,0.0017989050585672606,0.08521785439791697,0.00017509625,0.9998249
790,0.001770416272740347,0.08386828167254759,0.0001665581,0.99983346
791,0.0017423433897641454,0.08253841112568223,0.00015843622,0.9998416
792,0.0017146809415138629,0.08122798372093638,0.00015071033,0.9998493
793,0.0016874235219344785,0.07993674336229904,0.00014336113,0.99985665
794,0.0016605657864885133,0.07866443686797248,0.00013637038,0.9998636
795,0.0016341024516064197,0.07741081394433598,0.00012972036,0.9998703
796,0.001608028294139611,0.07617562716003477,0.00012339458,0.9998766
797,0.0015823381508161605,0.07495863192019535,0.00011737724,0.99988264
798,0.0015570269176991862,0.07375958644076801,0.0001116533,0.99988836
799,0.001532089549647948,0.07257825172299795,0.000106208565,0.9998938
800,0.0015075210597816765,0.07141439152802573,0.00010102922,0.99989897
801,0.0014833165189461549,0.07026777235161809,9.610242e-05,0.9999039
802,0.0014594710551830722,0.06913816339903021,9.141585e-05,0.99990857
803,0.0014359798532021697,0.06802533656000015,8.695782e-05,0.99991304
804,0.0014128381538561954,0.0669290663838763,8.2717255e-05,0.99991727
805,0.0013900412536186884,0.06584913005487905,7.8683384e-05,0.9999213
806,0.001367584504064606,0.06478530736749695,7.4846226e-05,0.99992514
807,0.0013454633113538146,0.06373738070201862,7.1196184e-05,0.99992883
808,0.0013236731357174538,0.06270513500020078,6.7724126e-05,0.9999323
809,0.0013022094909471967,0.0616883577410734,6.442144e-05,0.99993557
810,0.0012810679438874134,0.06068683891688252,6.127975e-05,0.9999387
811,0.0012602441139302574,0.05970037100917134,5.8291265e-05,0.9999417
812,0.001239733672513683,0.05872874896500036,5.5448516e-05,0.99994457
813,0.0012195323426224104,0.05777177017330701,5.274439e-05,0.99994725
814,0.0011996358982918486,0.05682923444140547,5.0172184e-05,0.9999498
815,0.001180040164114986,0.05590094397162705,4.7725363e-05,0.99995226
816,0.0011607410147522633,0.05498670333810189,4.5397872e-05,0.9999546
817,0.001141734374444435,0.054086319463682135,4.3183878e-05,0.9999568
818,0.0011230162165284307,0.05319960159700733,4.1077852e-05,0.99995893
819,0.0011045825629562253,0.05232636128971231,3.907457e-05,0.9999609
820,0.0010864294838167268,0.051466412373778005,3.7168942e-05,0.9999628
821,0.0010685530968606882,0.05061957093902557,3.535625e-05,0.99996465
822,0.001050949567028652,0.049785655310754094,3.3631957e-05,0.9999664
823,0.0010336151059819338,0.048964486027522375,3.1991753e-05,0.999968
824,0.0010165459716366516,0.04815588581907488,3.0431569e-05,0.99996954
825,0.0009997384677008045,0.04735967958441223,2.8947441e-05,0.99997103
826,0.0009831889432144096,0.046575694370006526,2.753569e-05,0.99997246
827,0.0009668937920926983,0.04580375934816161,2.619279e-05,0.99997383
828,0.0009508494526723781,0.04504370579551856,2.491538e-05,0.9999751
829,0.0009350524072609633,0.04429536707170652,2.370029e-05,0.9999763
830,0.0009194991816891767,0.04355857859813911,2.2544433e-05,0.99997747
831,0.0009041863448664274,0.0428331778369564,2.1444948e-05,0.99997854
832,0.0008891105083393637,0.042119004270112725,2.0399082e-05,0.9999796
833,0.0008742683258535056,0.04141589937861027,1.9404224e-05,0.99998057
834,0.0008596564929179571,0.04072370662187857,1.84579e-05,0.9999815
835,0.0008452717463731986,0.04004227141730002,1.755771e-05,0.9999824
836,0.0008311108639619616,0.039371441119881244,1.6701422e-05,0.9999833
837,0.0008171706639031834,0.03871106500207048,1.5886893e-05,0.9999841
838,0.0008034480044690431,0.0380609942337209,1.5112089e-05,0.99998486
839,0.0007899397835650771,0.0374210818621998,1.4375085e-05,0.99998564
840,0.0007766429383133734,0.03679118279264368,1.3674011e-05,0.99998635
841,0.0007635544446388426,0.036171153768359006,1.30071285e-05,0.999987
842,0.0007506713168585634,0.03556085335136869,1.2372769e-05,0.9999876
843,0.0007379906072742008,0.03496014190310407,1.1769346e-05,0.99998826
844,0.0007255094057674928,0.03436888156524231,1.1195364e-05,0.9999888
845,0.0007132248393988046,0.033786936240689056,1.06493635e-05,0.99998933
846,0.000701134072008744,0.03321417157470613,1.0129991e-05,0.99998987
847,0.0006892343038228354,0.03265045493618415,9.635949e-06,0.99999034
848,0.0006775227710592488,0.03209565539905981,9.166e-06,0.9999908
849,0.0006659967455395773,0.031549643723877606,8.718979e-06,0.9999913
850,0.000654653534302659,0.03101229233949582,8.293752e-06,0.9999917
851,0.0006434904792214388,0.030483475324936418,7.889263e-06,0.99999213
852,0.0006325049566228624,0.029963068391378668,7.5045004e-06,0.9999925
853,0.0006216943769107976,0.02945094886429615,7.1385025e-06,0.99999285
854,0.0006110561841919772,0.028946995665736882,6.7903616e-06,0.9999932
855,0.000600587855904955,0.028451089296746203,6.459192e-06,0.99999356
856,0.0005902869024520698,0.02796311181993215,6.144174e-06,0.99999386
857,0.0005801508668344088,0.02748294684217291,5.8445203e-06,0.99999416
858,0.0005701773242897634,0.02701047949746604,5.55948e-06,0.99999446
859,0.0005603638819335691,0.026545596429919067,5.2883465e-06,0.9999947
860,0.000550708178402822,0.026088185776881045,5.0304316e-06,0.999995
861,0.0005412078835029636,0.025638137152214767,4.7850945e-06,0.99999523
862,0.0005318606978577233,0.025195341629709093,4.5517227e-06,0.99999547
863,0.0005226643525619123,0.02475969172663107,4.329733e-06,0.99999565
864,0.0005136166088371581,0.024331081387417363,4.118573e-06,0.9999959
865,0.0005047152576905703,0.023909405967504536,3.917708e-06,0.99999607
866,0.000495958119576328,0.02349456221729778,3.7266393e-06,0.99999624
867,0.00048734304406017993,0.02308644826627755,3.544889e-06,0.9999965
868,0.0004788679094868447,0.02268496360724365,3.3720025e-06,0.9999966
869,0.0004705306226503035,0.022290009080696314,3.2075511e-06,0.9999968
870,0.00046232911846697265,0.021901486859353714,3.051117e-06,0.99999696
871,0.0004542613596517464,0.021519300432805425,2.902312e-06,0.9999971
872,0.0004463253363968975,0.021143354592301298,2.7607646e-06,0.99999726
873,0.000438519066053826,0.020773555415675226,2.6261202e-06,0.9999974
874,0.00043084059281764327,0.020409810252403255,2.498045e-06,0.9999975
875,0.0004232879874145805,0.02005202770879546,2.3762138e-06,0.9999976
876,0.00041585934679220946,0.019700117633321072,2.2603244e-06,0.99999774
877,0.0004085527938124635,0.01935399110206624,2.1500869e-06,0.99999785
878,0.0004013664769474465,0.01901356040432388,2.0452258e-06,0.999998
879,0.0003942985699780176,0.018678739028315003,1.9454806e-06,0.99999803
880,0.00038734727169513884,0.018349441647040946,1.8505982e-06,0.99999815
881,0.0003805108056039733,0.018025584104265874,1.7603431e-06,0.9999982
882,0.0003737874196307204,0.01770708340062897,1.67449e-06,0.99999833
883,0.00036717538583217564,0.01739385767988567,1.592824e-06,0.9999984
884,0.0003606730001080015,0.017085826215277364,1.5151423e-06,0.9999985
885,0.0003542785819156963,0.01678290939602885,1.4412478e-06,0.99999857
886,0.0003479904739882471,0.01648502871397299,1.3709572e-06,0.9999986
887,0.00034180704205445314,0.016192106750301843,1.3040947e-06,0.9999987
888,0.0003357266745619067,0.015904067162443695,1.240493e-06,0.99999875
889,0.0003297477824026165,0.01562083467106528,1.1799945e-06,0.9999988
890,0.0003238687986412604,0.015342335047198535,1.1224453e-06,0.99999887
891,0.0003180881782460526,0.01506849509949124,1.0677029e-06,0.9999989
892,0.0003124043978222119,0.014799242661580841,1.0156302e-06,0.999999
893,0.00030681595534801613,0.014534506579590805,9.660972e-07,0.99999905
894,0.00030132136991342786,0.014274216699748795,9.189808e-07,0.9999991
895,0.00029591918146127825,0.01401830385612599,8.741615e-07,0.9999991
896,0.0002906079505309928,0.013766699858496866,8.3152804e-07,0.99999917
897,0.00028538625800484524,0.013519337480318697,7.909738e-07,0.9999992
898,0.00028025270485672424,0.013276150446830134,7.5239745e-07,0.9999992
899,0.00027520591190339843,0.013037073423268097,7.157032e-07,0.9999993
900,0.0002702445195582643,0.012802042003202315,6.807978e-07,0.99999934
901,0.000265367187587562,0.012570992696986763,6.475948e-07,0.99999934
902,0.00026057259486904425,0.012343862920327301,6.1601116e-07,0.9999994
903,0.0002558594391530826,0.012120590982964792,5.859678e-07,0.9999994
904,0.000251226436826196,0.011901116077472957,5.5739025e-07,0.99999946
905,0.00024667232267698645,0.011685378268170264,5.302059e-07,0.99999946
906,0.00024219584966446604,0.0114733184801451,5.043474e-07,0.9999995
907,0.00023779578868876,0.011264878488393498,4.7975004e-07,0.9999995
908,0.00023347092836417048,0.011060000907068704,4.5635224e-07,0.9999995
909,0.00022922007479458497,0.010858629178841804,4.3409602e-07,0.9999996
910,0.0002250420513512145,0.010660707564372722,4.1292483e-07,0.9999996
911,0.0002209356984526449,0.010466181131890804,3.927862e-07,0.9999996
912,0.00021689987334718667,0.010274995746884261,3.7362975e-07,0.99999964
913,0.0002129334498975066,0.010087098061897745,3.554075e-07,0.99999964
914,0.00020903531836752605,0.009902435506437268,3.380744e-07,0.99999964
915,0.00020520438521157006,0.009720956276981755,3.215862e-07,0.9999997
916,0.00020143957286575102,0.009542609327100469,3.059022e-07,0.9999997
917,0.00019773981954157146,0.009367344357675538,2.9098317e-07,0.9999997
918,0.0001941040790217301,0.009195111807228873,2.767917e-07,0.9999997
919,0.0001905313204581149,0.009025862842352671,2.6329258e-07,0.99999976
920,0.0001870205281719678,0.008859549348242818,2.5045162e-07,0.99999976
921,0.00018357070145620465,0.00869612391933436,2.3823691e-07,0.99999976
922,0.0001801808543798747,0.00853553985003836,2.2661793e-07,0.99999976
923,0.0001768500155947438,0.008377751125579333,2.155656e-07,0.99999976
924,0.0001735772281439852,0.008222712412932537,2.0505249e-07,0.9999998
925,0.0001703615492729622,0.008070379051860357,1.9505192e-07,0.9999998
926,0.00016720205024208637,0.007920707046047012,1.8553911e-07,0.9999998
927,0.000164097816141736,0.0077736530543308525,1.7649023e-07,0.9999998
928,0.00016104794570921826,0.007629174382033489,1.6788267e-07,0.9999998
929,0.00015805155114775955,0.007487228972384984,1.5969505e-07,0.9999998
930,0.00015510775794750804,0.007347775398044373,1.519066e-07,0.9999998
931,0.00015221570470853242,0.00721077285271475,1.44498e-07,0.9999999
932,0.0001493745429658011,0.007076181142852171,1.3745073e-07,0.9999999
933,0.000146583437016126,0.006943960679467622,1.3074715e-07,0.9999999
934,0.00014384156374705508,0.006814072470021304,1.2437064e-07,0.9999999
935,0.00014114811246769782,0.0066864781104084845,1.1830499e-07,0.9999999
936,0.00013850228474146775,0.00656113977703617,1.12535155e-07,0.9999999
937,0.0001359032942207265,0.006438020218989848,1.0704684e-07,0.9999999
938,0.00013335036648331352,0.006317082750289563,1.0182598e-07,0.9999999
939,0.00013084273887094562,0.006198291242234568,9.685995e-08,0.9999999
940,0.00012837966032947103,0.006081610115835831,9.2135934e-08,0.9999999
941,0.00012596039125096196,0.005967004334335628,8.764247e-08,0.99999994
942,0.00012358420331763038,0.005854439395813517,8.3368164e-08,0.99999994
943,0.00012125037934755122,0.005743881325877923,7.930216e-08,0.99999994
944,0.00011895821314217766,0.0056352966704426195,7.5434606e-08,0.99999994
945,0.000116707009335633,0.005528652488587378,7.175554e-08,0.99999994
946,0.00011449608324576347,0.005423916345502031,6.825603e-08,0.99999994
947,0.00011232476072693701,0.0053210563055132365,6.492719e-08,0.99999994
948,0.00011019237802457222,0.005220040925193228,6.176059e-08,0.99999994
949,0.00010809828163138253,0.005120839246549791,5.8748526e-08,0.99999994
950,0.0001060418281453202,0.005023420790296784,5.5883266e-08,0.99999994
951,0.00010402238412920501,0.004927755549204453,5.315785e-08,0.99999994
952,0.00010203932597202235,0.0048338139815288445,5.056535e-08,0.99999994
953,0.000100092039751876,0.00474156700451958,4.8099196e-08,0.99999994
954,9.817992110058003e-05,0.004650985988005312,4.5753406e-08,0.99999994
955,9.63023750698754e-05,0.004562042748056114,4.3521933e-08,0.99999994
956,9.445881599925597e-05,0.0044747095407221315,4.1399378e-08,0.99999994
957,9.264866738538915e-05,0.004388959055847764,3.9380335e-08,0.99999994
958,9.087136175311655e-05,0.0043047644109607056,3.745969e-08,0.99999994
959,8.912634052801965e-05,0.0042220991452351095,3.5632787e-08,0.99999994
960,8.741305391053614e-05,0.004140937213528222,3.3894917e-08,0.99999994
961,8.573096075161185e-05,0.004061252980489759,3.2241864e-08,0.99999994
962,8.407952842987431e-05,0.003983021214743363,3.0669437e-08,0.99999994
963,8.245823273031302e-05,0.003906217083139428,2.9173636e-08,1.0
964,8.086655772445217e-05,0.0038308161450786482,2.7750843e-08,1.0
965,7.930399565200153e-05,0.0037567943469055637,2.6397387e-08,1.0
966,7.777004680397118e-05,0.0036841280163714693,2.5109992e-08,1.0
967,7.626421940723587e-05,0.0036127938571659875,2.388538e-08,1.0
968,7.478602951053491e-05,0.0035427689435166467,2.272045e-08,1.0
969,7.333500087189357e-05,0.003474030714855803,2.1612378e-08,1.0
970,7.191066484745187e-05,0.003406556970554226,2.0558307e-08,1.0
971,7.051256028168702e-05,0.0033403258647207116,1.9555682e-08,1.0
972,6.914023339901559e-05,0.0032753159010670526,1.8601954e-08,1.0
973,6.779323769676165e-05,0.003211505927837716,1.7694706e-08,1.0
974,6.64711338394772e-05,0.003148875132803583,1.6831736e-08,1.0
975,6.51734895546013e-05,0.00308740303831911,1.6010825e-08,1.0
976,6.389987952944436e-05,0.003027069496442256,1.522998e-08,1.0
977,6.264988530948409e-05,0.002967854684116556,1.4487216e-08,1.0
978,6.14230951979599e-05,0.002909739098414698,1.37806495e-08,1.0
979,6.021910415675225e-05,0.0028527035518429696,1.310857e-08,1.0
980,5.9037513708533784e-05,0.002796729167705962,1.2469243e-08,1.0
981,5.787793184017932e-05,0.002741797375530894,1.186112e-08,1.0
982,5.673997290742131e-05,0.0026878899065509486,1.1282655e-08,1.0
983,5.562325754073807e-05,0.0026349887892470024,1.0732381e-08,1.0
984,5.452741255246176e-05,0.002583076344947138,1.0208964e-08,1.0
985,5.345207084509332e-05,0.0025321351834833323,9.711057e-09,1.0
986,5.2396871320811696e-05,0.002482148198904724,9.23745e-09,1.0
987,5.1361458792164644e-05,0.002433098565246848,8.786941e-09,1.0
988,5.034548389392856e-05,0.002384969732356258,8.358387e-09,1.0
989,4.934860299612496e-05,0.0023377454217699324,7.950749e-09,1.0
990,4.8370478118181046e-05,0.002291409622648887,7.562979e-09,1.0
991,4.7410776844222246e-05,0.002245946587765405,7.194133e-09,1.0
992,4.646917223948435e-05,0.002201340829543306,6.8432766e-09,1.0
993,4.554534276783319e-05,0.0021575771161506854,6.5095183e-09,1.0
994,4.463897221037983e-05,0.002114640467644545,6.19205e-09,1.0
995,4.374974958517919e-05,0.002072516152166754,5.8900533e-09,1.0
996,4.2877369068000366e-05,0.002031189682190771,5.6027964e-09,1.0
997,4.202152991415678e-05,0.001990646810818578,5.3295492e-09,1.0
998,4.118193638138445e-05,0.001950873528127267,5.069618e-09,1.0
999,4.035829765375676e-05,0.0019118560575647216,4.8223736e-09,1.0
