name,family,classification,source_file,symbol,line,forward_formula,input,output,time_dependence,ode_experts,gating,grn,cellunet_composition,direct_import,mouse_compatibility,status,required_adapter,adapter
Simple softplus,autonomous ODE,model,work/20260830/models/ode_fields_20260830.py,SimpleSoftplus20260830,292,softplus((W x+b)/sqrt(G)) - softplus(gamma)*x,"x: [cells,genes], optional diffusion t","same gene order [cells,genes]",no,1,none,target_source; soft off-mask,ODE-only / Hybrid500 / additive,yes,implemented,implemented,direct import; ordered Mouse IDs + explicit mask,adapters/model.py
Hill after linear,autonomous ODE,model,work/20260830/models/ode_fields_20260830.py,HillAfterLinear20260830,244,"V*z^2/(K^2+z^2)-delta*x; z=softplus(Wx+b), delta=softplus(raw_delta)+eps","x: [cells,genes], optional diffusion t","same gene order [cells,genes]",no,1,none,target_source; soft off-mask,ODE-only / Hybrid500 / additive,yes,implemented,implemented,direct import; ordered Mouse IDs + explicit mask,adapters/model.py
Centered signed Hill,autonomous ODE,model,work/20260830/models/ode_fields_20260830.py,CenteredSignedHill20260830,194,"b_i+sum_j A_ij*tanh(alpha_ij*(log(max(x_j,eps))-log(theta_ij)))-delta_i*x_i","x: [cells,genes], optional diffusion t","same gene order [cells,genes]",no,1,none,target_source; soft off-mask,ODE-only / Hybrid500 / additive,yes,implemented,implemented,direct import; ordered Mouse IDs + explicit mask,adapters/model.py
Shifted Hill rho,autonomous ODE,model,work/20260830/models/ode_fields_20260830.py,ShiftedHillRho20260830,217,"b_i+sum_j A_ij*expm1(rho_ij)*sigmoid(2*(log(max(x_j,eps))-log(theta_ij)))-delta_i*x_i","x: [cells,genes], optional diffusion t","same gene order [cells,genes]",no,1,none,target_source; soft off-mask,ODE-only / Hybrid500 / additive,yes,implemented,implemented,direct import; ordered Mouse IDs + explicit mask,adapters/model.py
CellUNet,denoiser,model,guided_diffusion/cell_model.py,Cell_Unet,45,time-conditioned residual MLP encoder/decoder + additive skips + linear output,"x: [cells,genes], optional diffusion t","same gene order [cells,genes]",yes,0,none,none,standalone / CellUNet branch,yes,implemented,implemented,direct import; ordered Mouse IDs + explicit mask,adapters/model.py
GeneODE 4/21,autonomous ODE,model,ODE/ode_20260421_regODEMLratio.py,GeneODE,13,softplus((x W+b)/sqrt(G))-softplus(gamma)*x,"x: [cells,genes], optional diffusion t","same gene order [cells,genes]",no,1,none,source_target; unweighted off-mask + optional cached ratio,ODE-only / Hybrid500 / additive,yes,implemented,implemented,mapped TSV + replace constructor sub_gene-index mask with full-order source_target mask; original forward unchanged,adapters/model.py
LowRank,state/time-conditioned field,model,ODE/ode_20260609_mathmlp.py,LowRankField,233,"softplus(U(x,t)V(x,t)^T x+b)-softplus(gamma)*x","x: [cells,genes], optional diffusion t","same gene order [cells,genes]",yes,rank=16,MLP factors,target_source; unweighted; LowRank caches batch subsample W,ODE-only / Hybrid500 / additive,yes,implemented,implemented,9/17 external off_mask_lambda=5; clear LowRank cache between inactive batches,adapters/model.py
LinComb,state/time-conditioned field,model,ODE/ode_20260609_mathmlp.py,LinCombField,300,"sum_k a_k(x,t)*softplus(W_k x+b_k)-softplus(gamma)*x","x: [cells,genes], optional diffusion t","same gene order [cells,genes]",yes,K=8 bases/experts,MLP raw coefficients,target_source; unweighted; LowRank caches batch subsample W,ODE-only / Hybrid500 / additive,yes,implemented,implemented,9/17 external off_mask_lambda=5; clear LowRank cache between inactive batches,adapters/model.py
MatSum,state/time-conditioned field,model,ODE/ode_20260609_mathmlp.py,MatSumField,358,"softplus(sum_k a_k(x,t) A_k x+b)-softplus(gamma)*x","x: [cells,genes], optional diffusion t","same gene order [cells,genes]",yes,K=8 bases/experts,MLP raw coefficients,target_source; unweighted; LowRank caches batch subsample W,ODE-only / Hybrid500 / additive,yes,implemented,implemented,9/17 external off_mask_lambda=5; clear LowRank cache between inactive batches,adapters/model.py
LoRA,state/time-conditioned field,model,ODE/ode_20260609_mathmlp.py,LoRAField,404,"softplus((W0+sum_k a_k(x,t) U_k V_k^T)x+b)-softplus(gamma)*x","x: [cells,genes], optional diffusion t","same gene order [cells,genes]",yes,K=8 bases/experts,MLP raw coefficients,target_source; unweighted; LowRank caches batch subsample W,ODE-only / Hybrid500 / additive,yes,implemented,implemented,9/17 external off_mask_lambda=5; clear LowRank cache between inactive batches,adapters/model.py
Configurable LinComb,gated field,model,ODE/ode_20260707_lincomb.py,ConfigurableLinCombField,15,sum_k a_k*softplus(W_k x+b_k)-softplus(gamma)*x,"x: [cells,genes], optional diffusion t","same gene order [cells,genes]",yes,K=8,raw or softmax; sparse(raw) or entropy(softmax),target_source; internal off_mask_lambda plus gate penalties,ODE-only / Hybrid500 / additive,yes,implemented,implemented,direct import; ordered Mouse IDs + explicit mask,adapters/model.py
Hill after linear experts,single or gated ODE,model,work/20260803_ODE_hill_exp/models/ode_fields.py,HillAfterLinearField,367,"sum_k softmax(g(x,t))_k*[V_k*z_k^2/(K_k^2+z_k^2)-delta*x]","x: [cells,genes], optional diffusion t","same gene order [cells,genes]",gate only,1 or K=8,none or softmax,target_source; soft off-mask,ODE-only / Hybrid500 / additive,yes,implemented,implemented,direct import; ordered Mouse IDs + explicit mask,adapters/model.py
RACIPE,single or gated ODE,model,work/20260803_ODE_hill_exp/models/ode_fields.py,RacipeField,565,"G_i*product_j[(1-h_j)+exp(r_ij)*h_j]-delta_i*x_i; h=Hill(softplus(x/scale),K); log production clipped [-20,20]","x: [cells,genes], optional diffusion t","same gene order [cells,genes]",gate only,1 or K=8,none or softmax,target_source; soft off-mask,ODE-only / Hybrid500 / additive,yes,implemented,implemented,direct import; ordered Mouse IDs + explicit mask,adapters/model.py
Exponential,single or gated ODE,model,work/20260803_ODE_hill_exp/models/ode_fields.py,ExpField,476,"exp(clamp(Wx+b,-20,20))-delta*x","x: [cells,genes], optional diffusion t","same gene order [cells,genes]",gate only,1 or K=8,none or softmax,target_source; soft off-mask,ODE-only / Hybrid500 / additive,yes,implemented,implemented,direct import; ordered Mouse IDs + explicit mask,adapters/model.py
Centered Hill K8,gated direct Hill,model,work/20260816/models/ode_fields.py,CenteredSignedHillField,372,"sum_k a_k(x,t) * [b_ki+sum_j A_kij*tanh(alpha_kij*log(xpos_j/theta_kij))-delta_i*x_i]","x: [cells,genes], optional diffusion t","same gene order [cells,genes]",gate only,K=8 enforced,softmax,target_source; soft off-mask,ODE-only / Hybrid500 / additive,yes,implemented,implemented,direct import; ordered Mouse IDs + explicit mask,adapters/model.py
Shifted Hill K8,gated direct Hill,model,work/20260816/models/ode_fields.py,ShiftedHillRhoField,415,"sum_k a_k(x,t)*[b_ki+sum_j A_kij*expm1(rho_kij)*Hill(xpos_j,theta_kij,n=2)-delta_i*x_i]","x: [cells,genes], optional diffusion t","same gene order [cells,genes]",gate only,K=8 enforced,softmax,target_source; soft off-mask,ODE-only / Hybrid500 / additive,yes,implemented,implemented,direct import; ordered Mouse IDs + explicit mask,adapters/model.py
Centered Hill 8/17,single direct Hill,source variant,work/20260817_singleODE/models/ode_fields.py,CenteredSignedHillField,347,"same direct-Hill equation; explicit K=1, no gate network","x: [cells,genes], optional diffusion t","same gene order [cells,genes]",no,1,none,target_source; soft off-mask,ODE-only / Hybrid500 / additive,yes,compatible / not yet implemented,compatible / not yet implemented,8/30 exact requested source implemented; 8/17 class has distinct state layout/provenance and needs explicit registry key,adapters/model.py
Shifted Hill 8/17,single direct Hill,source variant,work/20260817_singleODE/models/ode_fields.py,ShiftedHillRhoField,390,"same direct-Hill equation; explicit K=1, no gate network","x: [cells,genes], optional diffusion t","same gene order [cells,genes]",no,1,none,target_source; soft off-mask,ODE-only / Hybrid500 / additive,yes,compatible / not yet implemented,compatible / not yet implemented,8/30 exact requested source implemented; 8/17 class has distinct state layout/provenance and needs explicit registry key,adapters/model.py
DirectMessageODE,sparse neural field,model,work/20260917/src/fields.py,DirectMessageODE,16,"-softplus(gamma_i)*x_i + sum_(j->i) w_ji*phi(x_i,x_j,t)","x: [cells,genes], optional diffusion t","same gene order [cells,genes]",yes,1,none,hard sparse support; absent-edge penalty exactly zero,ODE-only / Hybrid500 / additive,yes,implemented,implemented,direct import; ordered Mouse IDs + explicit mask,adapters/model.py
MultiHopGraphFilterODE,sparse neural field,model,work/20260917/src/fields.py,MultiHopGraphFilterODE,39,"f_theta(x_i,(Px)_i,(P^2x)_i,(P^3x)_i,t); P row-normalized incoming GRN","x: [cells,genes], optional diffusion t","same gene order [cells,genes]",yes,1,none,hard sparse support; absent-edge penalty exactly zero,ODE-only / Hybrid500 / additive,yes,implemented,implemented,direct import; ordered Mouse IDs + explicit mask,adapters/model.py
Original GeneODE,historical field,model,ODE/ode_analysis.py,GeneODE,10,softplus(x_sub W+b)-gamma*x_sub; zero outside selected subgenes,"x: [cells,genes], optional diffusion t","same gene order [cells,genes]",no,1,none,source_target; constructor/index/cache policy differs,ODE-only / Hybrid500 / additive,yes,requires adapter,requires adapter,needs dedicated full-ID mask/state layout validation and t-less-call adapter for older GeneODE; cannot alias to June fields; hard-mask behavior must be audited separately,adapters/model.py
Sigmoid GeneODE 11/06,historical field,model,ODE/ode_analysis1106.py,GeneODE,12,sigmoid((xW+b)*scale)-gamma*x,"x: [cells,genes], optional diffusion t","same gene order [cells,genes]",no,1,none,source_target; constructor/index/cache policy differs,ODE-only / Hybrid500 / additive,yes,requires adapter,requires adapter,needs dedicated full-ID mask/state layout validation and t-less-call adapter for older GeneODE; cannot alias to June fields; hard-mask behavior must be audited separately,adapters/model.py
Normalized GeneODE 4/13,historical field,model,ODE/ode_analysis20260413.py,GeneODE,13,softplus(xW+b)-softplus(gamma)*x,"x: [cells,genes], optional diffusion t","same gene order [cells,genes]",no,1,none,source_target; constructor/index/cache policy differs,ODE-only / Hybrid500 / additive,yes,requires adapter,requires adapter,needs dedicated full-ID mask/state layout validation and t-less-call adapter for older GeneODE; cannot alias to June fields; hard-mask behavior must be audited separately,adapters/model.py
FactorMLP GeneODE 4/16,historical field,model,ODE/ode_analysis20260416.py,GeneODE,75,softplus(x A(x)B(x)^T/sqrt(rank)+b)-softplus(gamma)*x,"x: [cells,genes], optional diffusion t","same gene order [cells,genes]",state only,rank,none,source_target; constructor/index/cache policy differs,ODE-only / Hybrid500 / additive,yes,requires adapter,requires adapter,needs dedicated full-ID mask/state layout validation and t-less-call adapter for older GeneODE; cannot alias to June fields; hard-mask behavior must be audited separately,adapters/model.py
Time FactorMLP GeneODE,historical field,model,ODE/ode_analysis20260416.py,GeneODE_Time,367,"time-condition x before A,B and production; decay uses original x","x: [cells,genes], optional diffusion t","same gene order [cells,genes]",yes,rank,none,source_target; constructor/index/cache policy differs,ODE-only / Hybrid500 / additive,yes,requires adapter,requires adapter,needs dedicated full-ID mask/state layout validation and t-less-call adapter for older GeneODE; cannot alias to June fields; hard-mask behavior must be audited separately,adapters/model.py
MixtureOfSoftplusODE,historical field,model,ODE/ode_analysis20260420.py,MixtureOfSoftplusODE,184,"sum_k softmax(AlphaNet(x,t))_k*softplus(x W_k+b_k)-softplus(gamma)*x","x: [cells,genes], optional diffusion t","same gene order [cells,genes]",optional time,configurable K,none,source_target; constructor/index/cache policy differs,ODE-only / Hybrid500 / additive,yes,requires adapter,requires adapter,needs dedicated full-ID mask/state layout validation and t-less-call adapter for older GeneODE; cannot alias to June fields; hard-mask behavior must be audited separately,adapters/model.py
MatrixDictionaryODE,historical field,model,ODE/ode_analysis20260420.py,MatrixDictionaryODE,280,softplus(x*(sum_k alpha_k A_k)+b)-softplus(gamma)*x,"x: [cells,genes], optional diffusion t","same gene order [cells,genes]",optional time,configurable K,none,source_target; constructor/index/cache policy differs,ODE-only / Hybrid500 / additive,yes,requires adapter,requires adapter,needs dedicated full-ID mask/state layout validation and t-less-call adapter for older GeneODE; cannot alias to June fields; hard-mask behavior must be audited separately,adapters/model.py
LowRankResidualDictionaryODE,historical field,model,ODE/ode_analysis20260420.py,LowRankResidualDictionaryODE,352,softplus(xW0+sum_k alpha_k*x U_k V_k^T+b)-softplus(gamma)*x,"x: [cells,genes], optional diffusion t","same gene order [cells,genes]",optional time,configurable K/rank,none,source_target; constructor/index/cache policy differs,ODE-only / Hybrid500 / additive,yes,requires adapter,requires adapter,needs dedicated full-ID mask/state layout validation and t-less-call adapter for older GeneODE; cannot alias to June fields; hard-mask behavior must be audited separately,adapters/model.py
Standard / norm / ratio / scale / TS,composition,configuration/composition,ODE/ode_20260609_hybrid5x3.py,UnifiedODEMLHybrid,70,r F+(1-r) C; r=1-t/999 or sigmoid((Ts-t)/tau); mode optionally normalizes/scales branches,"x: [cells,genes], optional diffusion t","same gene order [cells,genes]",yes,field-dependent,none,field-dependent,r F+(1-r) C; r=1-t/999 or sigmoid((Ts-t)/tau); mode optionally normalizes/scales branches,yes,implemented,implemented,direct import; ordered Mouse IDs + explicit mask,adapters/model.py
Hybrid500,composition,configuration/composition,work/20260915_x0predict/models/__init__.py,SingleODEHybrid500,13,"max(0,1-t/500)*F + (1-max(0,1-t/500))*C","x: [cells,genes], optional diffusion t","same gene order [cells,genes]",yes,field-dependent,none,field-dependent,"max(0,1-t/500)*F + (1-max(0,1-t/500))*C",yes,implemented,implemented,direct import; ordered Mouse IDs + explicit mask,adapters/model.py
Additive Hybrid500,composition,configuration/composition,work/20260916_x0predict_hybrid_additive/models.py,AdditiveHybrid500,12,"C + max(0,1-t/500)*F","x: [cells,genes], optional diffusion t","same gene order [cells,genes]",yes,field-dependent,none,field-dependent,"C + max(0,1-t/500)*F",yes,implemented,implemented,direct import; ordered Mouse IDs + explicit mask,adapters/model.py
Consistency wrapper,composition,configuration/composition,work/20260830/models/cellunet_ode_regularized_20260830.py,CellUNetODERegularized20260830,9,output=C; training cache=mean_gene((C-F)^2); eval does not mix F,"x: [cells,genes], optional diffusion t","same gene order [cells,genes]",yes,field-dependent,none,field-dependent,output=C; training cache=mean_gene((C-F)^2); eval does not mix F,yes,implemented,implemented,direct import; ordered Mouse IDs + explicit mask,adapters/model.py
Normalized historical blend,historical composition,configuration/composition,ODE/ode_analysis20260413.py,ODE_ML_Hybrid,141,norm * (r*unit(F)+(1-r)*unit(C)),"x: [cells,genes], optional diffusion t","same gene order [cells,genes]",yes,1,none,target_source; soft off-mask,ODE-only / Hybrid500 / additive,yes,compatible / not yet implemented,compatible / not yet implemented,"direct class can be added; current extension uses explicitly named UnifiedODEMLHybrid modes, not historical checkpoint aliases",adapters/model.py
Learned historical scale,historical composition,configuration/composition,ODE/ode_analysis20260413.py,ODE_ML_HybridLearnedScale,355,"s(detached x,F,C,t) * (r*unit(F)+(1-r)*unit(C))","x: [cells,genes], optional diffusion t","same gene order [cells,genes]",yes,1,none,target_source; soft off-mask,ODE-only / Hybrid500 / additive,yes,compatible / not yet implemented,compatible / not yet implemented,"direct class can be added; current extension uses explicitly named UnifiedODEMLHybrid modes, not historical checkpoint aliases",adapters/model.py
HybridNormModes,historical composition,configuration/composition,ODE/ode_20260609_hybridnorm.py,ODE_ML_HybridNorm,38,none: blend; ratio_reg: blend + cached log norm penalty; normed: exp(log_scale)*blend(units),"x: [cells,genes], optional diffusion t","same gene order [cells,genes]",yes,1,none,target_source; soft off-mask,ODE-only / Hybrid500 / additive,yes,compatible / not yet implemented,compatible / not yet implemented,"direct class can be added; current extension uses explicitly named UnifiedODEMLHybrid modes, not historical checkpoint aliases",adapters/model.py
MathML Hybrid,historical composition,configuration/composition,ODE/ode_20260609_mathmlp.py,MathML_Hybrid,460,"r F(x,t)+(1-r) C(x,t); cache log norm-ratio penalty","x: [cells,genes], optional diffusion t","same gene order [cells,genes]",yes,1,none,target_source; soft off-mask,ODE-only / Hybrid500 / additive,yes,compatible / not yet implemented,compatible / not yet implemented,"direct class can be added; current extension uses explicitly named UnifiedODEMLHybrid modes, not historical checkpoint aliases",adapters/model.py
FreeAffine forward,learnable diffusion process,model,work/20260903_learnable_forward/diffusion/free_affine.py,FreeAffineForward,74,dX=((W-0.5I)X+b) ds+dB; dense matrix-exponential Gaussian transition,"x: [cells,genes], optional diffusion t","same gene order [cells,genes]",physical diffusion time,not applicable,none,forward drift GRN penalty,LearnableForwardModel + CellUNet epsilon denoiser,yes,requires adapter,requires adapter,"separate experiment family: nonstandard q, ELBO/boundary loss, shared physical timestep and reverse sampler; incompatible with fixed DDPM swap",not implemented
Stationary QD forward,learnable diffusion process,model,work/20260903_learnable_forward/diffusion/stationary_qd.py,StationaryQDForward,106,"dX=-(Q+D)X ds+sqrt(2D)dB; Q skew, D positive, low-rank structured operator","x: [cells,genes], optional diffusion t","same gene order [cells,genes]",physical diffusion time,not applicable,none,forward drift GRN penalty,LearnableForwardModel + CellUNet epsilon denoiser,yes,requires adapter,requires adapter,"separate experiment family: nonstandard q, ELBO/boundary loss, shared physical timestep and reverse sampler; incompatible with fixed DDPM swap",not implemented
Cell classifier,classifier,auxiliary network,guided_diffusion/cell_model.py,Cell_classifier,124,time-conditioned class logits,"x: [cells,genes], optional diffusion t","same gene order [cells,genes]",yes,0,none,none,classifier guidance auxiliary,yes,not applicable,not applicable,"output is class logits, not gene-space field",adapters/model.py
CellUNetVelocity,analysis,analysis,work/20260929noneqThermo/cellunet_adapter.py,CellUNetVelocity,34,"V_t=raw START_X CellUNet(clean X,t)","x: [cells,genes], optional diffusion t","same gene order [cells,genes]",yes,0,none,none,ODE-only / Hybrid500 / additive,yes,not applicable,not applicable,restoration/output interpretation only; model already counted as CellUNet,adapters/model.py
